time_limit,required_cpus,task_time
1440,1024,1305.99999999278
15,128,1.00000000325963
15,128,0
15,128,2.99999999930151
5,512,1.99999999604188
15,32,14.9999999965075
30,32,30.0000000034925
1440,512,1440
360,256,360
15,32,0.99999999278225
15,32,0.99999999278225
15,32,4.99999999534339
15,32,2.99999999930151
15,64,1.00000000325963
15,128,1.00000000325963
15,64,1.99999999604188
15,128,0.99999999278225
15,128,1.00000000325963
15,64,1.00000000325963
15,32,0.99999999278225
15,32,0.99999999278225
15,64,0
15,128,0
15,32,12.0000000076834
15,32,1.00000000325963
15,64,0.99999999278225
15,128,0
15,32,15.0000000069849
15,32,14.9999999965075
15,64,3.99999999208376
15,128,2.00000000651926
15,32,14.9999999965075
15,32,11.999999997206
15,64,2.00000000651926
15,128,1.00000000325963
15,32,0
15,32,0
15,32,0
15,32,0
15,32,0
15,32,0.99999999278225
15,32,0
15,32,0
15,32,0
15,32,0
15,32,0
15,32,0
15,32,0
15,32,0
15,32,0
15,32,0
15,32,0
15,32,0
15,32,0
15,32,1.00000000325963
15,32,1.00000000325963
15,32,0
15,32,0
15,32,0
15,32,0
15,32,0
15,32,0
15,32,0.99999999278225
15,32,0.99999999278225
15,32,0
15,32,0
15,32,0
15,32,0
15,32,0
15,32,1.00000000325963
15,32,0
15,128,11.999999997206
15,128,7.00000000186265
15,128,14.9999999965075
15,128,15.0000000069849
15,32,0
15,32,0
15,32,0
15,32,0
15,32,0
15,32,0
15,32,0
15,32,0
15,32,1.00000000325963
15,32,0
15,32,0
15,32,1.00000000325963
15,32,0
15,32,0
15,32,0.99999999278225
15,32,0.99999999278225
15,32,0
15,32,0
15,32,0
15,32,0
15,32,1.00000000325963
15,32,1.00000000325963
15,32,0
15,32,0
90,32,90
3,32,1.00000000325963
3,32,0
15,32,0
15,32,0
15,32,0
15,32,0
15,32,0
15,32,1.00000000325963
15,32,0
15,32,0
15,32,0
15,32,0
15,32,1.00000000325963
15,32,0
15,32,1.00000000325963
15,32,0
15,32,0.99999999278225
15,32,0
15,32,0
15,32,0
15,32,1.00000000325963
15,32,0
15,32,0
15,32,0
15,32,0
15,32,0
15,32,0
15,32,1.00000000325963
15,32,0
15,32,0
15,32,0
15,32,0
15,32,1.00000000325963
15,32,1.00000000325963
15,32,1.00000000325963
15,32,0
15,32,0
15,32,0
15,32,0
15,32,1.00000000325963
15,32,0
15,32,0
15,32,0
15,32,0
15,32,0
15,32,0
15,32,0
15,32,0
15,32,0
15,32,0
15,32,0
15,32,0
15,32,0
15,32,0
15,32,0
15,32,0
15,32,0
15,32,0
15,32,1.00000000325963
15,32,0
15,32,0
15,32,0
15,32,0
15,32,0
15,32,0
15,32,0
15,32,0
15,32,0
15,32,0
15,32,0
15,32,0
15,32,0
15,32,0.99999999278225
15,32,0
15,32,0
15,32,0
15,32,0
15,32,0
15,32,0
15,32,0
15,32,0
15,32,0
15,32,1.00000000325963
15,32,1.00000000325963
15,32,0
15,32,0
15,32,0
15,32,0
15,32,0
15,32,0
15,32,0
15,32,0
15,32,0.99999999278225
15,32,0
15,32,0
15,32,0
15,32,0
15,32,0
3,32,0.99999999278225
15,32,0
15,32,0
15,32,0
15,32,0
3,128,0
3,128,2.99999999930151
15,32,0.99999999278225
15,32,0
15,32,0.99999999278225
15,32,0
15,32,0
15,32,0
15,32,0
15,32,0
15,32,0
15,32,0
15,32,0
15,32,0
15,32,0
15,64,0.99999999278225
15,64,0.99999999278225
15,64,0
15,64,0
15,64,1.00000000325963
15,64,1.00000000325963
15,128,0
15,128,0
15,128,0
15,128,0
15,128,1.00000000325963
15,128,1.00000000325963
15,128,0
15,128,14.9999999965075
15,128,14.9999999965075
15,128,14.9999999965075
15,64,14.9999999965075
15,32,0
15,128,0
15,64,14.9999999965075
15,32,0
15,128,13.0000000004657
15,128,14.9999999965075
15,128,15.0000000069849
15,128,15.0000000069849
15,32,0
15,128,15.0000000069849
15,128,14.9999999965075
15,128,14.9999999965075
15,128,0
15,128,14.0000000037253
15,64,1.00000000325963
3,32,0
1440,1024,119.000000000233
15,128,14.9999999965075
15,128,14.9999999965075
15,128,15.0000000069849
15,128,15.9999999997672
3,32,2.99999999930151
3,32,1.00000000325963
15,32,10.0000000011642
0,256,0
1440,1024,1440
720,256,91.9999999960419
0,256,0
0,256,1.00000000325963
0,256,0
0,256,0
0,256,0.99999999278225
0,256,0
0,512,0.99999999278225
0,512,0
0,512,0
0,512,0
0,512,1.00000000325963
120,32,120.000000003492
0,256,0
120,32,27.000000004191
15,128,0
0,256,0
0,256,0.99999999278225
0,256,0
0,256,0
0,256,0
0,256,1.00000000325963
0,512,0
0,512,1.00000000325963
0,512,0
0,512,1.00000000325963
0,512,0
0,512,1.00000000325963
360,256,360
1440,512,0.99999999278225
1440,512,53.9999999979045
0,512,0
0,512,0
0,512,0
0,512,0
0,512,0
10,64,1.00000000325963
10,128,1.99999999604188
5,64,1.00000000325963
5,128,0
5,64,1.99999999604188
5,128,0
5,64,1.00000000325963
5,128,1.00000000325963
0,512,1.00000000325963
0,512,0.99999999278225
0,512,0
0,512,0
0,512,0
0,512,1.00000000325963
5,64,0
5,128,0
5,64,0
5,128,0
5,64,0.99999999278225
5,128,0
5,64,2.00000000651926
5,128,2.00000000651926
0,512,0
5,64,0
5,128,0
0,32,0
5,64,0
5,128,0
5,64,0
5,128,0
5,64,2.00000000651926
5,128,1.00000000325963
0,512,0
0,512,0
0,512,1.00000000325963
0,512,1.00000000325963
0,512,0
5,64,0
5,128,0
5,64,0.99999999278225
5,128,0.99999999278225
5,64,0
5,128,0
5,64,1.99999999604188
5,128,1.00000000325963
0,512,0.99999999278225
5,64,1.00000000325963
5,128,1.00000000325963
5,64,0
5,128,0
5,64,0
5,128,0
5,64,2.99999999930151
5,128,0.99999999278225
5,64,0
5,128,1.00000000325963
3,64,1.00000000325963
0,32,0
0,512,0.99999999278225
0,32,0
0,512,0
5,64,0.99999999278225
5,128,0.99999999278225
5,64,0
5,128,0
5,64,1.00000000325963
5,128,1.99999999604188
5,64,1.00000000325963
5,128,0
0,512,0
5,64,0
5,64,0
5,64,0
5,64,0
5,64,0
5,64,0
5,64,0
5,128,0
5,64,0
5,64,0.99999999278225
5,64,0
5,128,0
3,64,0.99999999278225
3,128,0
5,64,0
5,128,0
5,64,0
5,128,1.00000000325963
5,64,1.00000000325963
5,128,0
3,128,0
3,128,0
3,128,0
3,128,0
3,128,1.00000000325963
3,128,1.00000000325963
3,128,1.00000000325963
3,128,1.00000000325963
3,128,1.00000000325963
3,128,0.99999999278225
3,128,0
5,128,0
5,256,0
5,512,0
5,128,0
5,256,0
5,512,0
5,128,0.99999999278225
5,256,0.99999999278225
5,512,0
5,128,0
5,256,0
5,512,0
5,128,1.00000000325963
5,256,1.00000000325963
3,128,0
5,128,0
5,256,1.00000000325963
5,512,1.00000000325963
5,128,0
5,256,1.00000000325963
5,512,0
5,128,0.99999999278225
5,256,0.99999999278225
5,512,1.00000000325963
5,128,2.00000000651926
5,256,1.99999999604188
5,512,1.99999999604188
5,128,0
5,256,0
5,512,0
5,128,1.00000000325963
5,256,0
5,512,0
5,128,1.00000000325963
5,256,0
5,512,0.99999999278225
5,128,0.99999999278225
5,256,1.00000000325963
5,512,1.00000000325963
5,128,0
5,256,0
5,512,0
5,128,1.00000000325963
5,256,0
5,512,0
5,128,1.00000000325963
5,256,1.00000000325963
5,512,0
5,128,0.99999999278225
5,256,0.99999999278225
5,512,1.00000000325963
3,128,0
3,128,1.00000000325963
3,128,0.99999999278225
3,128,1.00000000325963
3,128,0
120,32,26.0000000009313
3,128,0
3,128,0
3,128,0
3,128,0
3,128,0
3,128,0
3,128,0
120,32,0
3,128,1.00000000325963
3,128,0.99999999278225
120,32,0
3,32,0
3,32,0
3,64,1.00000000325963
3,128,0.99999999278225
3,64,0
3,64,0
3,128,0
120,32,0
3,128,0
3,128,0
3,128,1.00000000325963
3,128,0
3,128,0
3,128,0
3,128,1.00000000325963
3,128,1.00000000325963
3,128,0
3,128,0
15,128,0
3,128,0
15,128,0
3,128,1.00000000325963
3,128,0
15,128,0
3,128,0
3,128,1.00000000325963
360,256,360
3,128,0
3,128,0
3,128,0
3,128,0
3,128,0
3,128,1.00000000325963
3,128,0
3,128,1.00000000325963
3,128,0
3,128,0
3,128,0
3,128,0
3,128,0
3,128,0
3,128,2.00000000651926
3,128,0
3,128,0
3,128,0
3,128,0
3,128,0
3,128,1.00000000325963
5,64,1.00000000325963
5,128,0
5,64,0
5,128,0
5,64,0
5,128,1.00000000325963
5,64,1.00000000325963
5,128,0.99999999278225
3,64,0
3,128,0
5,64,0
5,128,0
5,64,0
5,128,0
5,64,1.00000000325963
5,128,1.00000000325963
5,64,0
5,128,0
5,64,0
5,128,0.99999999278225
5,64,0
5,128,0
5,64,1.00000000325963
5,128,1.00000000325963
5,64,0
5,128,0
5,64,1.00000000325963
5,128,0
5,64,0
5,128,0
5,64,0.99999999278225
5,128,0.99999999278225
5,256,1.00000000325963
5,512,0.99999999278225
5,256,2.99999999930151
5,512,0.99999999278225
5,256,0
5,512,0
5,256,1.00000000325963
5,512,0
5,256,0
5,512,0
5,256,0
5,512,1.00000000325963
5,256,0
5,512,1.00000000325963
5,256,1.00000000325963
5,512,0
5,256,0
5,512,0
5,256,0
5,512,0
5,256,0
5,512,0
5,256,1.00000000325963
5,512,0
5,256,0.99999999278225
5,512,0
5,256,0
5,512,0
5,256,0
5,512,0.99999999278225
5,256,1.00000000325963
5,512,0.99999999278225
120,32,0
120,32,1.00000000325963
120,32,24.0000000048894
120,32,2.00000000651926
120,32,0
15,32,1.00000000325963
15,32,0.99999999278225
15,32,1.00000000325963
15,32,1.00000000325963
15,32,1.00000000325963
15,32,0.99999999278225
15,128,1.00000000325963
15,128,0
15,128,1.00000000325963
15,128,1.00000000325963
15,128,0
15,128,0
15,128,0
15,128,0
15,32,0
15,128,1.00000000325963
15,32,0
15,128,0
15,128,0
15,128,0
15,128,1.99999999604188
15,32,0
15,32,1.00000000325963
15,32,1.99999999604188
15,32,5.00000000582077
10,32,1.99999999604188
10,32,1.99999999604188
10,32,1.00000000325963
10,32,2.00000000651926
10,32,0
10,32,0.99999999278225
10,32,0.99999999278225
10,32,0
10,32,0
10,32,0
10,64,10.0000000011642
10,64,8.99999999790452
10,128,10.0000000011642
10,128,0
10,256,10.0000000011642
10,256,10.0000000011642
5,512,5.00000000582077
5,512,5.00000000582077
3,1024,2.99999999930151
3,1024,2.99999999930151
15,128,0
15,128,1.00000000325963
15,32,0
15,32,2.00000000651926
15,32,1.00000000325963
15,32,14.9999999965075
15,32,0.99999999278225
15,32,0
15,32,8.99999999790452
15,32,11.999999997206
15,32,13.9999999932479
15,32,0
15,128,1.00000000325963
15,128,0.99999999278225
15,128,11.0000000044238
5,32,0
5,32,0
15,128,4.99999999534339
5,32,0
15,64,14.9999999965075
5,32,0
15,128,4.99999999534339
5,32,0
15,64,11.999999997206
5,32,0
15,128,14.9999999965075
15,64,0.99999999278225
5,32,0
15,64,5.99999999860302
5,32,0
15,128,5.00000000582077
15,128,4.99999999534339
15,64,14.9999999965075
15,64,14.9999999965075
15,128,6.0000000090804
15,128,5.99999999860302
5,32,1.00000000325963
5,32,0
15,128,4.99999999534339
5,32,0
15,128,5.00000000582077
15,64,0
15,64,0
15,64,0
15,32,1.99999999604188
10,32,1.99999999604188
10,32,0.99999999278225
10,32,1.00000000325963
10,32,2.00000000651926
10,32,1.00000000325963
10,32,0
10,32,0.99999999278225
10,32,0.99999999278225
10,64,0
10,64,0
15,128,5.00000000582077
10,32,1.99999999604188
10,32,1.99999999604188
10,32,1.00000000325963
10,32,1.00000000325963
10,32,1.00000000325963
10,32,1.00000000325963
10,32,0
10,32,0.99999999278225
10,32,0
10,32,1.00000000325963
10,64,0
10,64,0
10,128,0
10,128,0
10,256,0
10,256,1.00000000325963
5,512,0.99999999278225
5,512,0.99999999278225
3,1024,1.00000000325963
3,1024,0
5,32,0
15,128,4.99999999534339
15,128,4.99999999534339
5,32,0
5,32,0
5,32,0
15,128,4.99999999534339
5,32,0
5,32,0
5,32,0
5,32,0
5,32,0
5,32,0.99999999278225
15,32,1.00000000325963
15,32,0
15,32,0
15,32,0
15,32,0
15,32,0
15,64,0
5,32,0
15,32,0
15,32,1.00000000325963
15,32,1.00000000325963
15,32,0
15,32,0
15,32,0
15,64,0
5,32,0
15,32,0
15,32,1.00000000325963
15,32,1.00000000325963
15,32,0
15,32,0
15,32,0
15,64,0
15,32,0
15,32,0
15,32,0
15,32,0
15,32,0
15,32,0
15,32,4.00000000256114
15,32,4.00000000256114
5,32,1.00000000325963
15,32,1.00000000325963
15,32,1.00000000325963
15,32,1.00000000325963
15,32,0
15,32,0
15,32,0
15,64,0
5,32,0.99999999278225
15,32,1.99999999604188
15,32,1.99999999604188
15,32,1.00000000325963
15,32,1.00000000325963
15,64,0
15,64,0
15,128,0
15,128,1.00000000325963
15,32,13.9999999932479
15,32,14.9999999965075
15,32,2.00000000651926
15,32,1.99999999604188
15,64,0
15,64,0
15,128,0
15,128,0
15,32,14.9999999965075
15,32,14.9999999965075
15,32,14.9999999965075
15,32,14.9999999965075
15,64,0
15,64,0
15,128,0
15,128,0
15,32,0
15,32,0
15,32,1.99999999604188
15,32,0.99999999278225
15,64,0
15,64,0
15,128,0
15,128,0
5,32,0
15,32,10.0000000011642
15,32,11.0000000044238
15,32,11.0000000044238
15,32,1.00000000325963
15,32,0
15,32,0
15,64,0
5,32,0
5,32,0
5,32,0
5,32,0.99999999278225
10,128,1.00000000325963
5,32,0
8,128,0
8,128,1.00000000325963
5,128,1.00000000325963
5,128,0
10,128,0
10,128,0
5,32,0.99999999278225
5,32,0
5,32,1.00000000325963
5,32,0
5,32,1.00000000325963
5,32,0
5,32,1.00000000325963
5,32,0
5,32,1.99999999604188
5,32,1.00000000325963
5,32,0.99999999278225
5,32,0.99999999278225
5,32,2.00000000651926
5,32,1.00000000325963
5,32,0
5,32,4.00000000256114
15,32,14.0000000037253
15,32,14.9999999965075
15,32,14.9999999965075
15,32,15.0000000069849
15,64,0
15,64,0
15,128,0
15,128,0
15,64,0
15,64,0
15,128,0
15,128,0.99999999278225
15,64,0
15,64,0
15,128,0
15,128,0
120,32,2.00000000651926
120,32,0
120,32,1.00000000325963
120,32,4.00000000256114
5,128,1.00000000325963
5,256,0.99999999278225
5,256,0
5,256,0
5,256,1.99999999604188
5,256,2.00000000651926
5,256,1.00000000325963
5,256,1.99999999604188
5,128,1.99999999604188
5,64,2.00000000651926
5,32,1.99999999604188
5,256,1.00000000325963
15,128,5.00000000582077
15,128,1.00000000325963
15,128,4.99999999534339
15,128,1.00000000325963
5,32,5.00000000582077
15,128,1.99999999604188
5,32,0
5,32,0
5,32,0.99999999278225
5,32,1.99999999604188
5,64,0
5,64,1.00000000325963
5,64,1.00000000325963
5,64,1.99999999604188
5,32,0
5,32,0.99999999278225
5,32,1.00000000325963
5,32,1.00000000325963
15,128,1.00000000325963
15,128,5.00000000582077
5,32,5.00000000582077
15,32,11.999999997206
15,128,5.00000000582077
15,128,4.99999999534339
15,32,11.999999997206
15,128,7.00000000186265
15,32,0.99999999278225
30,32,17.0000000030268
15,128,0.99999999278225
15,32,1.00000000325963
15,32,4.99999999534339
15,128,1.00000000325963
15,32,0.99999999278225
15,128,0.99999999278225
15,32,0
15,32,0
15,128,1.00000000325963
15,32,0
15,32,0
5,32,0.99999999278225
15,32,0
5,32,0.99999999278225
5,32,0.99999999278225
5,32,1.00000000325963
5,32,1.00000000325963
15,32,1.00000000325963
15,32,0
15,32,0
15,32,0
15,32,0
15,32,0.99999999278225
15,32,0
15,32,0
15,32,0
15,32,0
15,32,0
15,32,0
15,32,0
15,32,1.00000000325963
15,32,0
15,32,1.00000000325963
15,32,0
15,32,0
15,32,1.00000000325963
15,32,0
15,32,0
15,128,1.00000000325963
15,32,0
15,32,0
15,32,1.00000000325963
15,32,0
15,32,5.00000000582077
15,32,0
15,32,0
15,32,0
720,32,137.999999999302
30,32,2.99999999930151
720,32,20.0000000023283
15,32,0
60,32,2.99999999930151
15,32,0
15,32,0
15,32,0
15,32,0
15,32,0
15,32,1.00000000325963
15,32,1.00000000325963
15,32,0.99999999278225
15,32,0
60,32,1.00000000325963
5,32,0
5,32,0.99999999278225
5,32,0
5,32,1.00000000325963
5,32,0
5,32,1.00000000325963
5,32,0.99999999278225
5,32,0
5,32,0
5,32,0
5,32,0
5,32,0
5,32,0
5,32,1.00000000325963
5,32,1.00000000325963
5,32,0
5,32,0
5,32,0
5,32,1.00000000325963
5,32,0
5,32,0
5,32,0
5,128,1.00000000325963
5,128,0
5,128,0
5,128,1.00000000325963
15,128,0
15,128,1.00000000325963
15,32,0
5,128,0
5,128,0
5,128,0
15,32,0
5,128,0
5,128,0
5,128,0
5,128,0.99999999278225
5,128,0
1440,1024,1438.99999999674
5,128,0
1440,512,1440
5,128,0
5,128,1.00000000325963
15,32,0
5,128,1.00000000325963
5,128,1.00000000325963
15,32,0
5,128,1.00000000325963
5,128,1.00000000325963
15,32,0
15,32,1.00000000325963
15,32,0
15,32,0
15,32,0
15,32,0
15,32,0
5,128,0
5,128,0
15,32,0
5,128,0
5,128,0
15,32,0
15,32,0
5,128,0.99999999278225
5,128,0
15,32,0
15,32,0
15,32,0
5,128,0
5,128,0
5,128,1.00000000325963
5,128,0
5,128,0
5,128,0
5,128,1.00000000325963
5,128,0
5,128,0
15,32,0
5,128,0
5,128,1.00000000325963
5,128,0
15,32,0
5,128,0
5,32,2.99999999930151
5,128,0
5,256,0.99999999278225
5,512,0.99999999278225
120,32,1.00000000325963
120,32,26.0000000009313
5,128,1.00000000325963
5,256,1.00000000325963
5,512,0.99999999278225
120,32,4.00000000256114
15,32,1.00000000325963
5,128,1.00000000325963
15,32,1.00000000325963
15,32,1.00000000325963
15,32,0
15,32,0
15,32,0
15,32,1.00000000325963
15,32,0
15,32,1.00000000325963
15,32,0
15,32,0
5,128,1.00000000325963
5,128,0
5,128,0
5,128,0
15,32,1.00000000325963
15,32,0
5,128,0.99999999278225
5,128,0
5,128,4.99999999534339
15,32,1.00000000325963
15,32,0
15,32,0
5,128,4.99999999534339
15,32,0.99999999278225
15,32,0
15,32,0
15,32,0
15,32,0
120,32,2.99999999930151
15,32,1.00000000325963
15,32,15.0000000069849
15,32,0
15,32,0
15,32,0
120,32,0.99999999278225
15,32,0
15,32,0
15,32,0
120,32,1.00000000325963
15,32,1.99999999604188
15,32,0
120,32,0.99999999278225
15,32,1.00000000325963
15,32,0
15,32,14.9999999965075
120,32,14.0000000037253
120,32,108.000000006286
15,32,1.00000000325963
60,32,1.00000000325963
60,32,1.99999999604188
60,32,1.00000000325963
60,32,1.99999999604188
60,32,12.9999999899883
60,32,1.00000000325963
60,32,1.00000000325963
60,32,1.00000000325963
60,32,11.999999997206
60,32,10.0000000011642
60,32,1.00000000325963
60,32,1.00000000325963
60,32,5.99999999860302
60,32,5.99999999860302
15,32,1.99999999604188
15,32,2.99999999930151
15,32,2.00000000651926
15,32,2.00000000651926
15,32,0
15,32,0
15,64,0.99999999278225
15,64,1.00000000325963
15,128,1.00000000325963
15,128,1.00000000325963
15,32,14.9999999965075
15,32,14.9999999965075
15,32,2.00000000651926
15,32,1.99999999604188
15,64,0.99999999278225
15,64,1.00000000325963
15,128,1.00000000325963
15,128,0
15,32,14.9999999965075
15,32,15.0000000069849
15,32,14.9999999965075
15,32,14.0000000037253
15,64,1.99999999604188
15,64,1.99999999604188
15,128,2.00000000651926
15,128,1.99999999604188
15,32,0
15,32,0
15,32,14.9999999965075
15,32,14.9999999965075
15,64,14.9999999965075
15,64,14.9999999965075
15,128,15.0000000069849
15,128,14.9999999965075
15,128,0
60,32,8.00000000512227
60,32,11.999999997206
15,128,0
15,128,1.00000000325963
15,128,0
15,128,0
60,32,5.99999999860302
60,32,7.00000000186265
60,32,1.00000000325963
60,32,6.99999999138527
60,32,4.99999999534339
60,32,4.99999999534339
60,32,4.00000000256114
60,32,5.00000000582077
60,64,2.99999999930151
60,64,4.99999999534339
15,128,3.00000000977889
15,128,5.99999999860302
55,32,5.00000000582077
55,32,5.00000000582077
55,32,4.99999999534339
55,32,4.99999999534339
55,64,4.00000000256114
55,32,5.99999999860302
55,32,7.00000000186265
55,32,5.99999999860302
55,32,6.99999999138527
55,32,11.999999997206
55,32,4.00000000256114
15,32,14.9999999965075
15,32,14.9999999965075
15,32,14.9999999965075
15,32,15.0000000069849
15,32,15.0000000069849
15,32,15.0000000069849
15,64,0.99999999278225
5,32,0.99999999278225
5,32,0.99999999278225
5,64,1.00000000325963
5,128,0
5,256,1.00000000325963
5,32,0.99999999278225
5,32,0.99999999278225
5,64,2.00000000651926
5,128,1.00000000325963
5,256,1.99999999604188
5,32,0
5,32,0.99999999278225
5,64,2.00000000651926
5,128,0.99999999278225
5,256,1.00000000325963
55,32,5.00000000582077
5,32,0
5,32,1.00000000325963
5,32,5.00000000582077
5,32,4.99999999534339
5,64,0
5,64,0
5,64,1.99999999604188
5,64,2.00000000651926
5,32,0
5,32,0.99999999278225
5,32,1.00000000325963
5,32,2.00000000651926
5,128,0
5,256,0.99999999278225
5,512,0
5,128,2.00000000651926
5,256,0
5,512,1.00000000325963
5,128,1.00000000325963
5,256,1.00000000325963
5,512,1.00000000325963
5,128,1.00000000325963
5,256,1.00000000325963
5,512,1.00000000325963
5,32,1.00000000325963
5,32,0
5,32,0.99999999278225
5,32,1.99999999604188
5,32,0
5,32,1.00000000325963
5,32,1.00000000325963
5,32,1.00000000325963
5,64,1.99999999604188
5,64,1.00000000325963
5,64,1.00000000325963
5,64,0.99999999278225
5,128,1.00000000325963
5,256,1.99999999604188
5,512,0
5,128,2.00000000651926
5,256,0
5,512,0
5,128,0.99999999278225
5,256,1.00000000325963
5,512,0.99999999278225
5,128,1.00000000325963
5,256,1.99999999604188
5,512,0.99999999278225
15,128,0
15,128,0
15,128,0
15,32,0
15,128,0
15,128,0
15,32,0
15,32,0
15,32,0
15,32,0
15,32,0
15,32,15.0000000069849
15,32,15.0000000069849
15,32,15.0000000069849
15,32,14.9999999965075
15,32,14.9999999965075
15,32,15.0000000069849
15,64,1.00000000325963
15,32,0
120,256,5.00000000582077
15,32,0
120,256,10.9999999939464
15,32,0
15,32,0
15,32,0.99999999278225
30,256,2.99999999930151
30,256,4.00000000256114
30,256,8.00000000512227
55,32,0
55,32,0.99999999278225
360,256,360
55,32,1.00000000325963
55,32,0
30,64,1.00000000325963
15,32,0
15,32,0
30,64,8.00000000512227
15,32,0
15,32,1.00000000325963
15,32,1.00000000325963
15,32,0
30,64,30.0000000034925
15,32,1.00000000325963
15,32,0.99999999278225
15,32,1.00000000325963
15,32,0
15,32,0
15,32,0
15,32,0
15,32,0
15,32,0
15,32,1.99999999604188
2,32,0
15,32,1.00000000325963
15,32,1.00000000325963
2,32,0
15,32,14.9999999965075
15,128,15.0000000069849
15,32,1.00000000325963
2,32,0.99999999278225
15,32,1.00000000325963
15,32,0.99999999278225
15,32,0
15,32,0
15,32,0
15,32,1.00000000325963
15,32,1.00000000325963
15,32,0
15,32,0
15,64,1.00000000325963
15,64,0
2,32,0
15,128,0.99999999278225
15,128,0
30,128,0
2,64,0
2,32,1.00000000325963
2,32,0
2,32,0.99999999278225
30,128,15.9999999997672
2,32,0
15,128,1.00000000325963
30,128,4.99999999534339
2,32,0.99999999278225
15,32,0
15,32,0.99999999278225
15,64,2.00000000651926
15,64,0
2,32,0
2,32,1.00000000325963
2,32,0.99999999278225
15,128,0
15,128,1.00000000325963
5,128,1.00000000325963
15,128,0.99999999278225
2,256,2.00000000651926
5,64,2.99999999930151
2,256,0
15,128,1.00000000325963
30,128,3.99999999208376
15,128,1.00000000325963
2,256,0
30,128,4.99999999534339
15,32,9.0000000083819
15,32,8.00000000512227
15,32,8.00000000512227
15,128,2.00000000651926
30,128,4.00000000256114
15,32,14.9999999965075
15,32,14.9999999965075
15,32,14.9999999965075
15,32,7.9999999946449
15,32,7.9999999946449
15,32,7.9999999946449
30,128,1.00000000325963
15,128,1.99999999604188
15,128,0
15,128,1.99999999604188
10,128,0
15,32,15.0000000069849
15,32,15.0000000069849
15,32,15.0000000069849
15,32,13.0000000004657
15,32,13.0000000004657
15,32,1.99999999604188
15,32,1.99999999604188
15,128,14.9999999965075
10,128,1.99999999604188
15,128,0
15,32,6.99999999138527
15,32,6.99999999138527
15,32,0.99999999278225
15,32,1.00000000325963
15,32,2.99999999930151
15,32,15.0000000069849
15,64,1.00000000325963
15,64,0
15,128,0.99999999278225
15,32,14.9999999965075
15,128,0
15,128,0.99999999278225
15,128,0
15,128,1.00000000325963
15,128,0
10,128,0
2,128,0
15,128,0
15,128,0
15,128,0.99999999278225
15,128,0
15,128,0
15,128,0
15,128,0
15,128,0
2,128,0.99999999278225
15,128,0
2,128,0
2,128,0
30,128,20.0000000023283
15,128,15.0000000069849
15,32,0.99999999278225
15,32,1.99999999604188
15,128,10.9999999939464
15,128,10.9999999939464
15,128,14.0000000037253
15,128,14.0000000037253
15,32,15.0000000069849
15,32,0
15,32,1.00000000325963
15,32,0
15,32,0
15,32,0
15,32,1.00000000325963
15,32,1.00000000325963
15,32,0.99999999278225
15,64,1.00000000325963
15,64,0
15,128,0
15,32,0
15,32,0
15,32,1.00000000325963
15,32,0.99999999278225
15,32,0
15,32,0
15,32,0
15,128,0
15,32,0
15,64,0
15,128,0
15,128,0
15,128,0
15,32,0
15,32,0
15,128,0
15,32,0
15,32,0
15,32,0
15,32,1.00000000325963
15,32,0
15,32,1.00000000325963
10,256,2.99999999930151
10,64,1.99999999604188
15,32,0
15,32,0
15,32,0
15,32,1.00000000325963
15,32,0
15,32,0.99999999278225
1440,1024,146.000000004424
30,64,6.99999999138527
15,32,0.99999999278225
15,32,0
15,32,0
15,32,0
15,32,0.99999999278225
15,32,0.99999999278225
15,64,1.00000000325963
15,64,1.00000000325963
15,64,0
15,128,0
15,128,0
15,128,0
10,256,0
10,256,0.99999999278225
10,256,0
10,256,0
5,512,0.99999999278225
5,512,0
5,512,1.00000000325963
1440,512,180
1440,512,182.000000006519
720,256,256.999999999534
360,256,360
15,32,0
15,32,0
15,32,0
15,32,0
15,32,0
15,64,1.00000000325963
15,128,1.00000000325963
15,128,0
15,32,0.99999999278225
10,64,1.00000000325963
15,32,1.00000000325963
15,32,1.00000000325963
15,32,0
10,64,1.00000000325963
15,32,0
15,32,0
15,32,0
10,32,0
10,32,0
15,64,0
10,32,1.00000000325963
15,128,0.99999999278225
10,32,0
15,128,1.00000000325963
15,64,1.00000000325963
10,32,1.00000000325963
15,32,0
15,32,1.00000000325963
15,32,0
15,128,0
15,128,2.00000000651926
15,32,0
15,32,0
15,32,1.00000000325963
15,32,0
15,32,1.99999999604188
15,32,0
15,64,1.00000000325963
15,64,0
15,32,0.99999999278225
15,32,0
15,32,0
15,32,1.00000000325963
15,32,0
15,32,0
15,64,0.99999999278225
15,32,1.00000000325963
1440,1024,1440
1440,1024,1440
5,128,0
5,256,0
5,512,0.99999999278225
15,32,0
5,512,0
15,32,0
15,128,1.00000000325963
5,512,1.00000000325963
5,128,0
5,256,0.99999999278225
5,512,0
15,32,1.00000000325963
5,512,0
15,128,0
15,32,0
15,32,0
15,32,2.99999999930151
15,32,2.99999999930151
15,32,1.99999999604188
15,128,2.00000000651926
15,128,2.99999999930151
15,128,2.00000000651926
15,32,2.00000000651926
15,32,8.00000000512227
15,128,0
15,128,0
15,128,0
15,128,0
15,32,4.99999999534339
15,128,0
15,128,3.99999999208376
15,32,0
1,32,0
15,32,9.0000000083819
1,32,0
1,32,1.00000000325963
1,32,1.00000000325963
15,32,4.99999999534339
5,128,0
15,128,4.99999999534339
15,32,0
5,64,0.99999999278225
15,128,0
5,32,0
5,32,0.99999999278225
1,32,0
15,32,15.0000000069849
1,32,0
10,32,0
10,32,0.99999999278225
15,32,0
10,32,0.99999999278225
10,32,0
10,32,0
15,32,1.00000000325963
10,32,1.00000000325963
2,128,0.99999999278225
1,64,0
15,32,0
15,128,14.9999999965075
15,32,1.00000000325963
15,32,1.00000000325963
15,32,0
2,128,2.00000000651926
15,32,0
0,128,1.00000000325963
15,32,0
15,32,0
1,128,1.00000000325963
15,32,0
15,32,15.0000000069849
15,128,14.9999999965075
15,32,1.00000000325963
15,32,0
15,128,0
15,128,1.00000000325963
15,128,1.00000000325963
15,128,0
15,128,0
15,128,0
15,32,0
15,32,0
15,32,0
15,32,1.00000000325963
15,32,1.00000000325963
15,32,0
15,32,1.99999999604188
15,32,0
15,128,0
15,128,0
15,32,0
15,32,0
15,128,0
15,32,2.99999999930151
15,128,0.99999999278225
15,64,1.00000000325963
15,32,0
15,32,0
15,32,0
15,32,0
15,32,0.99999999278225
15,32,0
15,32,0
15,32,0
15,32,0
15,32,0
15,32,0
15,32,0
15,32,0
15,32,0
15,32,0
15,32,1.00000000325963
15,32,1.00000000325963
15,32,0
0,32,0
15,128,0
15,128,0
15,128,0
360,256,360
360,256,360
15,32,0.99999999278225
0,32,0
0,32,0
1,32,0
2,32,0
2,32,2.00000000651926
5,32,2.99999999930151
5,32,1.00000000325963
5,32,0
15,128,0
5,128,0
15,128,0
15,128,0.99999999278225
5,128,1.00000000325963
15,128,1.00000000325963
15,128,0
5,128,0
5,128,1.00000000325963
5,128,1.00000000325963
5,128,0
15,128,1.00000000325963
5,32,0
15,128,0.99999999278225
5,128,0
5,128,0
5,128,0
5,128,0
5,128,0.99999999278225
15,128,0.99999999278225
15,128,0
5,256,0.99999999278225
5,256,0
5,256,0
5,256,0
5,256,1.00000000325963
5,256,0.99999999278225
15,128,1.00000000325963
15,128,0
15,128,0
15,32,1.00000000325963
15,32,1.00000000325963
15,32,1.99999999604188
15,32,1.99999999604188
15,32,1.00000000325963
15,32,2.00000000651926
15,64,2.00000000651926
15,128,0.99999999278225
5,256,1.00000000325963
5,256,0.99999999278225
5,256,0
5,256,0
5,256,0
5,256,0.99999999278225
1440,512,180.999999992782
720,256,249.000000004889
720,256,256.999999999534
1440,512,182.000000006519
720,256,254.999999993015
720,256,258.000000002794
15,32,0.99999999278225
15,32,2.00000000651926
15,32,1.99999999604188
15,32,0.99999999278225
15,32,1.00000000325963
15,32,2.00000000651926
15,32,1.99999999604188
15,32,0
15,64,0
15,32,1.00000000325963
15,32,0
15,32,0.99999999278225
15,32,0.99999999278225
15,32,0
15,32,0
15,32,0
15,32,0
15,32,0
15,32,0
15,64,0.99999999278225
15,128,1.00000000325963
15,32,0
15,32,0
15,32,0
15,32,0
15,32,1.00000000325963
15,32,0
15,64,0.99999999278225
15,128,0
10,64,1.99999999604188
10,64,2.99999999930151
5,64,1.00000000325963
10,128,10.0000000011642
15,128,1.99999999604188
15,128,0
15,128,0
15,128,0
15,128,0.99999999278225
10,64,2.00000000651926
5,64,2.00000000651926
10,128,10.0000000011642
5,64,1.00000000325963
10,128,10.9999999939464
15,32,0.99999999278225
15,32,1.00000000325963
15,32,0
15,32,1.00000000325963
15,32,2.00000000651926
15,32,1.00000000325963
15,32,0
15,32,0
15,32,0.99999999278225
15,32,0.99999999278225
15,32,0.99999999278225
15,32,1.00000000325963
15,32,1.00000000325963
15,32,1.00000000325963
15,32,1.00000000325963
15,32,1.00000000325963
15,32,0
15,32,2.00000000651926
15,32,1.00000000325963
15,32,0
15,32,1.00000000325963
15,32,1.00000000325963
15,32,0
15,32,0.99999999278225
15,32,0.99999999278225
15,32,0.99999999278225
15,32,2.99999999930151
15,32,5.99999999860302
15,32,4.99999999534339
15,32,1.99999999604188
15,128,2.00000000651926
15,32,10.0000000011642
15,32,8.99999999790452
15,32,6.99999999138527
15,32,14.9999999965075
360,256,361.00000000326
360,256,360
1440,1024,1026.0000000021
5,32,1.00000000325963
5,32,0
5,32,0
5,32,0
5,32,0
5,32,0
5,64,1.00000000325963
5,128,0
5,256,1.00000000325963
5,32,0
5,32,0
5,64,0.99999999278225
5,128,0
5,256,0
5,32,0.99999999278225
5,32,0
5,64,0
5,128,0
5,256,0
5,32,1.00000000325963
5,32,0
5,64,0.99999999278225
5,128,0
5,256,0
5,32,0
5,32,1.00000000325963
5,64,1.00000000325963
5,128,1.00000000325963
5,256,2.99999999930151
5,32,1.00000000325963
5,32,0
5,64,1.00000000325963
5,128,0
5,256,1.00000000325963
5,32,0
5,32,1.00000000325963
5,64,0
5,128,1.00000000325963
5,256,1.00000000325963
5,32,0
5,32,0
5,32,1.00000000325963
5,32,0
5,32,0
5,32,0
5,32,0
5,32,0
5,32,1.00000000325963
5,32,1.00000000325963
5,64,0.99999999278225
5,128,0
5,256,1.00000000325963
5,32,0
5,32,0
5,32,0
5,32,0
5,32,0
5,32,0
5,64,1.00000000325963
5,128,1.00000000325963
5,256,0
5,32,0
5,32,0
5,32,1.00000000325963
5,32,1.00000000325963
5,32,0
5,32,0
5,64,0.99999999278225
5,128,1.00000000325963
5,256,2.00000000651926
5,32,0
5,32,0
5,32,0
5,32,0
5,32,1.00000000325963
5,32,0
5,64,0.99999999278225
5,128,1.00000000325963
5,256,0
5,32,0
5,32,1.00000000325963
5,32,0
5,32,0
5,32,0
5,32,0.99999999278225
5,64,1.00000000325963
5,128,0
5,256,0
5,32,0
5,32,0
5,32,0
5,32,0
5,32,0
5,32,0
5,64,0.99999999278225
5,128,0
5,256,0
5,32,0
5,32,1.00000000325963
5,32,0
5,32,0
5,32,0
5,32,0
5,64,0
5,128,1.00000000325963
5,256,0
5,32,0
5,32,0
5,32,0
5,32,0
5,32,0
5,32,0
5,64,0
5,128,1.00000000325963
5,256,1.00000000325963
5,32,0
5,32,0
5,32,0
5,32,0
5,32,1.00000000325963
5,32,0
5,64,0
5,128,0
5,256,0
5,32,0.99999999278225
5,32,0
5,32,0
5,32,0
5,32,0
5,32,0
5,64,0
5,128,0
5,256,0
5,256,0
5,256,0
5,256,0
5,256,0
5,256,0
5,256,1.00000000325963
5,256,0
5,256,0
5,256,0
5,256,0
5,256,1.00000000325963
5,256,1.00000000325963
5,256,0
5,256,0
5,256,0
5,256,0
5,256,1.00000000325963
5,256,1.00000000325963
5,256,0
5,256,0
360,256,360
5,256,0
5,256,1.00000000325963
5,256,0
5,256,0
5,256,0
5,256,0
5,256,0
5,256,0
5,256,0
5,256,0
360,256,360
5,256,1.00000000325963
5,256,0
5,256,0
5,256,0
5,256,0
5,256,0
5,256,1.00000000325963
5,256,0
5,256,0
5,256,0
5,256,0
5,256,0
5,256,0
5,256,0
5,256,0
5,256,0
5,256,1.00000000325963
5,256,0
5,256,0
5,256,0
5,256,0
5,256,0.99999999278225
5,256,0
5,256,0
5,256,1.00000000325963
5,256,0
5,256,0
5,256,0
5,256,0
5,256,1.00000000325963
5,256,0
5,256,0
5,256,1.00000000325963
5,256,0
5,256,0
5,256,0.99999999278225
5,256,0
5,256,0
5,256,0
5,256,0
5,256,0
5,256,0
5,256,0
5,256,0.99999999278225
5,256,0
5,256,0
5,256,1.00000000325963
5,256,0
5,256,0
5,256,1.00000000325963
5,256,0
5,256,0
5,256,0.99999999278225
5,256,0
5,256,0
5,256,1.00000000325963
5,256,0
5,256,0
5,256,0
5,256,0
5,256,0
5,256,0
5,256,0.99999999278225
5,256,0
5,256,0
5,256,0
5,256,0
5,256,1.00000000325963
5,256,0
5,256,0
5,256,0
5,256,0
5,256,1.00000000325963
5,256,0
5,256,0
5,256,1.00000000325963
5,256,0
5,256,0
5,256,0.99999999278225
5,256,1.00000000325963
5,256,0
5,256,0
5,256,1.00000000325963
5,256,0
5,256,0.99999999278225
5,256,0
5,256,0
5,256,1.00000000325963
5,256,0
1440,1024,1033.99999999674
1440,1024,1014.00000000489
360,256,360
360,256,5.00000000582077
360,256,360
360,256,360
30,32,0
30,32,0
30,32,0
30,32,0
30,32,0
30,32,0
30,32,0.99999999278225
30,32,0
30,32,0
30,32,0
30,32,0
30,32,0
30,32,0
30,32,0
30,32,0
30,32,0
30,32,0
30,32,0
30,32,1.00000000325963
30,32,0
30,32,0
30,32,0
1440,512,0.99999999278225
30,32,0
30,32,0
30,32,0
30,32,0.99999999278225
30,32,1.00000000325963
30,32,0
1440,512,0
1440,512,1440
1440,1024,1440
360,256,268.000000003958
360,256,360
360,256,360
15,128,0
15,32,7.00000000186265
15,128,5.00000000582077
15,32,0
15,32,0
15,32,4.00000000256114
15,32,1.00000000325963
15,32,0.99999999278225
15,32,0
15,32,0
5,128,0
5,128,0
5,128,0.99999999278225
5,256,1.00000000325963
5,32,4.00000000256114
15,32,0
15,32,0
15,32,0
15,32,0
3,256,0
3,256,0.99999999278225
3,128,0
3,512,0.99999999278225
30,32,30.0000000034925
10,128,10.0000000011642
30,32,0
60,128,0
60,128,0
60,128,0
360,256,360
360,256,360
60,32,40.9999999974389
15,32,0
15,32,0.99999999278225
15,32,1.00000000325963
60,128,0
60,128,0
15,32,0
15,32,0
15,32,1.00000000325963
15,32,1.00000000325963
15,64,1.00000000325963
15,64,1.00000000325963
15,128,1.99999999604188
15,128,0
15,32,0
15,32,0
15,32,0.99999999278225
15,32,0
15,64,1.00000000325963
15,64,0
15,128,0.99999999278225
15,128,0
15,32,0.99999999278225
15,32,1.00000000325963
15,32,0
15,64,0
15,64,1.99999999604188
15,32,0
15,64,1.00000000325963
15,64,0
60,32,1.00000000325963
60,32,1.00000000325963
60,32,1.00000000325963
15,32,0.99999999278225
15,32,0
15,32,0
15,32,0
15,32,0
15,32,0
15,32,2.00000000651926
15,32,1.00000000325963
15,32,2.00000000651926
15,32,0.99999999278225
60,32,0.99999999278225
60,32,0
15,32,2.00000000651926
15,32,2.99999999930151
15,32,0.99999999278225
15,32,0
15,64,1.00000000325963
15,64,1.00000000325963
15,128,1.00000000325963
15,128,0
15,32,13.9999999932479
15,32,14.9999999965075
15,32,2.00000000651926
15,32,1.99999999604188
15,64,1.00000000325963
15,64,0.99999999278225
15,128,1.00000000325963
15,128,0
15,32,15.0000000069849
15,32,14.9999999965075
15,32,14.9999999965075
15,32,15.0000000069849
15,64,0
15,64,0.99999999278225
15,128,0
15,128,1.00000000325963
15,32,14.9999999965075
15,32,14.9999999965075
15,32,14.9999999965075
15,32,14.9999999965075
15,64,0.99999999278225
15,64,0
15,128,0
15,128,0
15,32,1.00000000325963
15,32,0.99999999278225
15,32,15.0000000069849
15,32,14.9999999965075
15,64,0
15,64,1.00000000325963
15,128,1.00000000325963
15,128,0
60,32,0
60,32,0
60,32,0
60,32,0
60,32,0
360,256,360
360,256,360
15,32,1.00000000325963
15,32,1.00000000325963
15,32,0
15,32,0
15,32,0
15,32,0
15,32,0
15,32,1.00000000325963
15,32,0
15,32,0
15,32,0
15,32,0.99999999278225
15,32,5.99999999860302
15,32,4.00000000256114
15,32,1.00000000325963
15,32,0
15,32,1.00000000325963
15,32,1.00000000325963
15,64,2.99999999930151
15,128,2.00000000651926
15,128,0
6,256,5.99999999860302
6,128,1.00000000325963
6,128,5.99999999860302
15,32,0
15,128,11.0000000044238
15,32,1.99999999604188
15,32,1.99999999604188
15,32,1.00000000325963
15,32,1.00000000325963
15,64,0.99999999278225
15,64,0.99999999278225
15,128,0
15,128,1.00000000325963
15,32,15.0000000069849
15,32,13.9999999932479
15,32,1.99999999604188
15,32,2.00000000651926
15,64,0.99999999278225
15,64,0.99999999278225
15,128,0
15,128,1.00000000325963
15,32,14.9999999965075
15,32,15.0000000069849
15,32,14.9999999965075
15,32,14.9999999965075
15,64,1.00000000325963
15,64,0
15,128,0
15,128,1.00000000325963
15,32,14.9999999965075
15,32,14.9999999965075
15,32,15.0000000069849
15,32,15.0000000069849
15,64,0
15,64,0
15,128,1.00000000325963
15,128,0
15,32,0
15,32,1.00000000325963
15,32,14.9999999965075
15,32,14.9999999965075
15,64,0
15,64,0
15,128,0.99999999278225
15,128,1.00000000325963
15,128,14.9999999965075
15,128,14.9999999965075
15,128,8.99999999790452
15,128,7.9999999946449
15,128,2.00000000651926
15,64,1.00000000325963
15,64,0
15,64,0
15,128,1.00000000325963
15,128,0
15,64,0
15,64,1.00000000325963
15,128,0
15,128,1.00000000325963
15,64,0
15,64,0
15,128,0
15,128,0
15,64,0.99999999278225
15,64,0
15,128,0
15,128,0
15,64,0
15,64,0
15,128,1.00000000325963
15,128,0
10,256,1.99999999604188
5,512,1.99999999604188
5,512,0
5,512,0
5,512,0.99999999278225
5,512,0
5,256,0
5,128,1.00000000325963
5,32,4.99999999534339
5,32,5.00000000582077
5,128,2.99999999930151
5,256,1.99999999604188
5,512,1.00000000325963
5,512,1.00000000325963
5,512,1.00000000325963
5,256,1.00000000325963
5,128,1.00000000325963
360,256,28.0000000074506
360,256,4.00000000256114
360,256,360
1440,512,2.00000000651926
1440,512,7.00000000186265
360,256,1.00000000325963
1440,512,291.99999999837
360,256,360
15,32,0
15,32,1.00000000325963
15,32,0
30,32,1.00000000325963
30,32,0
30,32,0
3,32,0
3,32,0
3,32,0
3,32,1.00000000325963
3,32,0.99999999278225
3,32,1.00000000325963
15,32,0
15,32,0
3,32,1.00000000325963
15,32,0
15,32,0.99999999278225
3,64,1.99999999604188
15,32,1.00000000325963
3,64,1.00000000325963
15,32,0
15,32,1.00000000325963
3,64,0
3,64,0
3,64,1.00000000325963
3,64,1.00000000325963
3,64,0.99999999278225
3,64,1.00000000325963
3,128,1.00000000325963
3,128,0
5,32,1.00000000325963
15,32,0
3,128,1.00000000325963
3,128,0
3,128,0
3,128,0
3,128,0.99999999278225
5,32,0
3,128,1.00000000325963
3,128,1.00000000325963
3,128,0.99999999278225
15,64,0.99999999278225
3,128,1.00000000325963
3,128,1.00000000325963
3,128,0.99999999278225
15,128,1.00000000325963
15,32,1.00000000325963
15,32,0
15,32,0
15,32,1.00000000325963
15,32,1.99999999604188
15,64,1.99999999604188
15,128,1.99999999604188
1,32,1.00000000325963
1,128,0
1,128,0.99999999278225
1,32,0
1,32,0
1,32,0
1,32,0
1,128,0.99999999278225
1,128,0
1,128,0
1,128,0.99999999278225
1,128,0
1,128,0
1,128,0
1,128,0
1,128,0
1,128,0
1,128,0
1,128,0
1,128,1.00000000325963
1,128,1.00000000325963
1,128,1.00000000325963
1,128,1.00000000325963
1,128,0.99999999278225
1,128,1.00000000325963
1,128,0
15,32,0
15,32,0
1,128,0
1,128,1.00000000325963
5,512,1.00000000325963
15,32,14.0000000037253
15,64,4.00000000256114
15,128,2.99999999930151
1,128,0
5,128,1.00000000325963
5,256,1.00000000325963
5,512,0.99999999278225
15,32,0
15,32,1.00000000325963
15,32,14.9999999965075
15,64,15.0000000069849
15,128,5.99999999860302
5,256,0.99999999278225
5,512,0
1,32,0.99999999278225
1,64,1.00000000325963
15,32,1.00000000325963
15,32,1.00000000325963
5,128,0.99999999278225
15,32,15.0000000069849
15,64,4.00000000256114
15,128,4.00000000256114
5,128,0
5,128,0.99999999278225
5,128,1.00000000325963
720,256,1.00000000325963
720,256,447.999999993481
1440,512,442.000000005355
15,32,0
15,32,0
15,32,0
5,512,3.99999999208376
15,32,1.00000000325963
15,32,1.00000000325963
15,32,1.00000000325963
60,32,0
60,32,46.0000000032596
5,128,0
5,256,1.00000000325963
5,512,0.99999999278225
5,128,1.99999999604188
5,256,0.99999999278225
5,512,1.00000000325963
5,512,1.00000000325963
1440,1024,249.999999997672
5,32,0
5,32,0
5,32,0
5,128,0
5,256,0
5,512,0
5,32,2.00000000651926
1,64,1.00000000325963
1,64,0
1,64,0
1,64,1.00000000325963
1,64,0
1,64,1.00000000325963
1,64,0.99999999278225
1,64,1.00000000325963
1,128,1.00000000325963
1,32,1.00000000325963
1,64,0.99999999278225
1,32,1.00000000325963
1,64,1.00000000325963
1,32,0.99999999278225
1,32,1.00000000325963
1,32,1.00000000325963
1,32,0.99999999278225
1,32,0
1,32,0
1,64,0
1,64,0
1,128,0
1,32,0
1,256,1.00000000325963
15,64,0
15,64,1.00000000325963
15,128,0
15,128,1.00000000325963
15,64,0
15,64,0
15,128,0
15,128,1.00000000325963
15,64,1.00000000325963
15,64,0
15,128,0
15,128,0
15,64,0
15,64,0.99999999278225
15,128,0.99999999278225
15,128,0
15,64,0
15,64,1.00000000325963
15,128,0
15,128,1.00000000325963
5,32,0
5,32,1.00000000325963
1,256,0
5,32,0
5,32,1.00000000325963
1,32,1.00000000325963
5,32,1.00000000325963
5,32,1.99999999604188
1,32,0
1,32,0
1,32,0
5,32,1.00000000325963
15,64,0
15,64,0
15,128,0
15,128,0
15,64,1.00000000325963
15,64,1.00000000325963
15,128,0
15,128,0
15,64,2.99999999930151
15,64,2.00000000651926
15,128,1.00000000325963
15,128,1.00000000325963
15,64,14.9999999965075
15,64,14.9999999965075
15,128,10.9999999939464
15,128,12.0000000076834
15,64,14.9999999965075
15,64,15.0000000069849
15,128,14.9999999965075
15,128,14.9999999965075
360,256,27.9999999969732
1,128,0
1,128,0.99999999278225
1,128,1.00000000325963
1,256,1.00000000325963
360,256,360
360,256,360
1,32,0
1,32,0
1,32,1.00000000325963
1,32,1.00000000325963
1,32,0.99999999278225
1,32,1.00000000325963
5,32,2.00000000651926
5,32,3.99999999208376
5,32,5.00000000582077
5,64,5.00000000582077
1440,1024,1.00000000325963
5,32,5.00000000582077
1440,1024,1.00000000325963
15,32,0
15,32,0
5,512,4.99999999534339
30,32,0.99999999278225
10,64,4.00000000256114
10,64,4.00000000256114
10,128,4.99999999534339
10,128,3.99999999208376
10,32,7.00000000186265
10,32,7.00000000186265
10,64,9.99999999068677
10,64,9.99999999068677
15,64,14.9999999965075
15,64,10.0000000011642
15,32,10.0000000011642
15,32,9.99999999068677
15,32,13.0000000004657
15,32,14.9999999965075
15,32,10.0000000011642
15,128,6.99999999138527
15,128,10.0000000011642
15,32,1.99999999604188
15,32,0
15,32,1.00000000325963
15,32,1.00000000325963
15,32,0.99999999278225
15,32,0.99999999278225
15,64,1.00000000325963
15,128,0.99999999278225
15,32,0
15,32,1.00000000325963
15,32,1.00000000325963
15,64,0.99999999278225
360,256,360
360,256,360
1440,1024,786.99999999837
360,256,360
360,256,360
5,32,0
5,32,0
5,32,0
5,128,0.99999999278225
5,32,0
5,32,1.00000000325963
5,64,1.00000000325963
5,128,0
5,32,0
5,32,0
5,64,0
5,128,0
5,32,0
5,32,0
5,64,1.00000000325963
5,128,0
5,32,1.00000000325963
5,32,1.00000000325963
5,64,0
5,128,1.00000000325963
5,32,1.99999999604188
5,32,0.99999999278225
5,64,1.00000000325963
5,128,0
5,32,4.99999999534339
5,32,4.99999999534339
5,64,0
5,128,1.00000000325963
5,32,5.00000000582077
5,32,5.00000000582077
5,64,1.00000000325963
5,128,2.99999999930151
5,32,4.99999999534339
5,32,4.99999999534339
5,64,2.99999999930151
5,128,5.00000000582077
5,32,2.00000000651926
5,32,1.00000000325963
5,64,0
5,128,0
5,32,4.99999999534339
5,32,4.99999999534339
5,64,0
5,128,1.00000000325963
5,32,5.00000000582077
5,32,4.99999999534339
5,64,0.99999999278225
5,128,2.99999999930151
5,32,5.00000000582077
5,32,5.00000000582077
5,64,2.99999999930151
5,128,4.99999999534339
5,32,0.99999999278225
5,32,1.00000000325963
5,64,0
5,128,0
5,32,4.99999999534339
5,32,5.00000000582077
5,64,0
5,128,1.00000000325963
5,32,4.99999999534339
5,32,5.00000000582077
5,64,1.99999999604188
5,128,4.00000000256114
10,32,10.0000000011642
10,32,9.99999999068677
10,64,1.99999999604188
10,128,5.99999999860302
15,32,1.00000000325963
15,32,1.00000000325963
15,64,1.00000000325963
15,128,1.00000000325963
15,32,14.9999999965075
15,32,4.99999999534339
15,64,0
15,128,1.00000000325963
15,32,14.9999999965075
15,32,14.9999999965075
15,64,1.00000000325963
15,128,2.99999999930151
15,32,14.9999999965075
15,32,15.0000000069849
15,64,2.99999999930151
15,128,5.00000000582077
60,32,0
60,32,0
60,32,1.00000000325963
60,32,1.00000000325963
60,32,1.00000000325963
60,32,0
60,32,0
60,32,0
60,32,0
60,32,0
60,32,0
60,32,0
60,32,0
60,32,0
60,32,0
60,32,1.00000000325963
60,32,1.00000000325963
60,32,1.00000000325963
60,32,0
60,32,0
60,32,0
60,32,0
60,32,0.99999999278225
60,32,0
60,32,0.99999999278225
60,32,0
60,32,0
60,32,0
60,32,0
60,32,1.00000000325963
60,32,1.00000000325963
60,32,0
60,32,0
60,32,1.99999999604188
60,32,0
60,32,1.00000000325963
60,32,0.99999999278225
60,32,0
60,32,0
60,32,0
60,32,0.99999999278225
60,32,0
60,32,0.99999999278225
60,32,0
60,32,0
60,32,0
60,32,0.99999999278225
1440,1024,0
15,32,0
15,32,2.99999999930151
15,32,15.0000000069849
15,32,15.0000000069849
30,32,2.99999999930151
30,32,13.9999999932479
30,32,13.9999999932479
1440,1024,157.999999991152
30,32,1.00000000325963
45,32,2.99999999930151
45,32,1.99999999604188
30,32,0.99999999278225
60,32,4.99999999534339
60,32,13.0000000004657
60,32,34.9999999988358
30,32,0
60,32,5.99999999860302
60,32,13.0000000004657
60,32,34.9999999988358
3,512,1.99999999604188
5,32,0.99999999278225
5,32,0
5,32,0
5,32,0.99999999278225
5,32,4.00000000256114
5,32,4.99999999534339
5,32,1.00000000325963
5,32,0.99999999278225
5,32,0
5,32,0
5,32,0
5,64,1.00000000325963
5,128,0
5,256,1.00000000325963
5,32,0
5,32,0
5,32,0
5,64,0
5,128,0.99999999278225
5,256,0
5,32,0
5,32,0
5,32,0
5,64,0
5,128,0
5,256,0
5,32,0
5,32,0
5,32,0
5,64,0
5,128,0
5,256,0
15,32,1.99999999604188
15,32,1.99999999604188
15,32,1.00000000325963
15,32,1.00000000325963
15,64,0
15,64,1.00000000325963
15,128,1.00000000325963
15,128,0
15,32,14.9999999965075
15,32,14.9999999965075
15,32,1.99999999604188
15,32,1.99999999604188
15,64,1.00000000325963
15,64,1.00000000325963
15,128,0
15,128,1.00000000325963
15,32,14.9999999965075
15,32,15.0000000069849
15,32,14.9999999965075
15,32,13.9999999932479
15,64,2.99999999930151
15,64,1.99999999604188
15,128,2.99999999930151
15,128,2.00000000651926
15,32,14.9999999965075
15,32,15.0000000069849
15,32,14.9999999965075
15,32,14.9999999965075
15,64,15.0000000069849
15,64,14.9999999965075
15,128,13.9999999932479
15,128,11.0000000044238
15,32,0
15,32,1.00000000325963
15,32,14.9999999965075
15,32,14.9999999965075
15,64,15.0000000069849
15,64,14.9999999965075
15,128,14.9999999965075
15,128,14.9999999965075
1440,1024,0
1440,1024,0.99999999278225
1440,1024,1440
1440,1024,1440
1440,512,1440
15,128,0
15,128,0.99999999278225
15,128,1.00000000325963
10,256,2.99999999930151
10,256,1.00000000325963
15,32,11.0000000044238
15,32,15.0000000069849
15,128,2.00000000651926
10,256,0.99999999278225
15,128,0
10,256,1.00000000325963
15,128,1.00000000325963
10,256,1.00000000325963
15,128,1.99999999604188
10,256,0
15,128,1.00000000325963
15,128,1.99999999604188
10,256,0.99999999278225
10,256,2.00000000651926
10,256,0
10,256,1.00000000325963
15,128,0
15,128,1.00000000325963
10,256,0
10,256,0.99999999278225
15,32,10.0000000011642
15,32,14.9999999965075
15,32,15.0000000069849
15,32,14.9999999965075
15,64,0.99999999278225
15,64,0.99999999278225
15,64,1.00000000325963
15,64,0
5,512,1.00000000325963
5,512,1.00000000325963
5,32,2.99999999930151
5,32,1.00000000325963
5,64,0
5,512,0.99999999278225
5,32,5.00000000582077
5,32,2.99999999930151
5,64,1.00000000325963
5,512,0.99999999278225
5,32,4.99999999534339
5,32,4.99999999534339
5,64,2.99999999930151
5,512,2.00000000651926
360,256,360
360,256,360
5,32,4.99999999534339
5,64,4.99999999534339
15,32,14.9999999965075
5,512,0
60,32,1.00000000325963
120,32,82.9999999981374
30,32,10.9999999939464
10,32,0
10,32,0
10,32,0
10,32,0
10,32,0
10,32,0
10,32,0
10,32,0
10,32,0
10,32,0
10,32,1.00000000325963
10,32,1.00000000325963
10,32,0
10,32,0
10,32,0
10,32,0
10,64,1.00000000325963
10,64,2.00000000651926
10,64,1.00000000325963
10,64,0
10,64,0
10,64,1.00000000325963
10,128,1.00000000325963
10,128,0
10,128,1.00000000325963
10,128,0
10,128,0
10,128,0.99999999278225
10,32,0
10,32,0
10,32,0
10,32,0
10,32,0
10,32,0
10,32,0
10,32,0
10,32,1.00000000325963
10,32,0
10,32,0.99999999278225
10,32,0
10,64,1.00000000325963
10,64,1.00000000325963
10,64,0
10,64,0.99999999278225
10,64,0
10,64,1.99999999604188
10,128,1.00000000325963
10,128,0
10,128,0
10,128,0
10,128,0
10,128,0
10,32,0
10,32,0
10,32,1.00000000325963
120,128,8.99999999790452
120,128,5.99999999860302
120,32,14.9999999965075
120,32,0
15,128,0.99999999278225
120,32,0
10,256,1.00000000325963
5,512,1.00000000325963
15,128,1.00000000325963
10,256,0
5,512,0
120,32,20.9999999951106
15,128,0
10,32,0
10,32,0
10,32,1.00000000325963
10,32,1.00000000325963
10,32,0
10,32,0
10,32,0
10,32,0
10,32,0
5,32,0
5,32,0
5,32,0
5,32,0
5,32,0.99999999278225
5,32,0
5,32,0
5,32,0
5,32,0
5,32,0
5,32,1.00000000325963
5,32,0
5,32,0
5,32,0
5,32,0.99999999278225
5,32,0.99999999278225
5,32,0
5,32,0
5,32,0
5,64,1.00000000325963
5,64,1.00000000325963
5,64,0
5,64,0
5,64,0
5,64,1.00000000325963
5,128,0.99999999278225
5,128,0
5,128,1.00000000325963
5,128,0
5,128,1.00000000325963
5,128,0
5,32,0.99999999278225
5,32,0
5,32,0
5,32,1.00000000325963
5,32,0
5,32,0
5,32,0.99999999278225
5,32,0
5,32,0
5,32,1.00000000325963
5,32,0
5,32,1.00000000325963
5,64,0
5,64,0.99999999278225
5,64,1.00000000325963
5,64,0
5,64,0
5,64,0.99999999278225
360,256,360
5,32,0
5,32,1.00000000325963
5,32,1.00000000325963
5,32,0
5,32,0
5,32,1.00000000325963
5,32,0
5,32,0
5,32,0
5,32,0
5,32,0.99999999278225
5,32,0
5,64,1.00000000325963
5,64,0
5,64,1.00000000325963
5,64,1.00000000325963
5,64,0
5,64,0
5,128,1.00000000325963
5,128,0
5,128,0
5,128,0
5,128,0
5,128,0
5,32,0
5,32,0.99999999278225
5,32,0
5,32,0
5,32,0
5,32,0
5,32,0
5,32,0
5,32,0
5,32,0
5,32,0.99999999278225
5,32,0
5,64,1.00000000325963
5,64,0
5,64,1.00000000325963
5,64,0
5,64,0
5,64,0
5,128,1.00000000325963
5,128,0
5,128,0
5,128,0.99999999278225
5,128,0
5,128,0
5,32,0
5,32,0
5,32,0
5,32,1.00000000325963
5,32,0
5,32,0
5,32,0
5,32,0
5,32,0
5,32,1.00000000325963
5,32,0
5,32,0
5,64,1.00000000325963
5,64,1.00000000325963
5,64,0
5,64,0
5,64,0
5,64,0
5,128,1.00000000325963
5,128,0
5,128,0
5,128,0
5,128,1.00000000325963
5,128,0
5,32,1.00000000325963
5,32,0
5,32,0
5,32,0
5,32,0
5,32,0
5,32,0
5,32,0.99999999278225
5,32,0
5,32,0
5,32,0
5,32,0
5,64,0
5,64,0
5,32,0
5,32,1.00000000325963
5,32,0
5,32,1.00000000325963
5,32,0
5,32,0
5,32,1.00000000325963
5,32,0
5,32,0
5,32,0
5,32,0
5,32,0
5,64,0.99999999278225
5,64,0.99999999278225
5,64,0
5,64,0
5,64,0
5,64,0
5,128,1.00000000325963
5,128,0
5,128,0
5,128,0
5,128,1.00000000325963
5,128,0
5,32,0
5,32,0
5,32,1.00000000325963
5,32,0
5,32,0
5,32,0
5,32,0
5,32,0
5,32,0
5,32,1.00000000325963
5,32,0
5,32,0
5,64,1.00000000325963
5,64,1.00000000325963
5,64,1.00000000325963
5,64,1.00000000325963
5,64,0
5,64,0
5,128,1.00000000325963
5,128,0
5,128,0
5,128,0.99999999278225
5,128,0
5,128,0
15,128,0
15,128,0
15,128,0
15,32,10.0000000011642
5,256,0.99999999278225
5,256,0.99999999278225
5,256,0
5,256,0
5,256,0
5,256,1.00000000325963
5,512,0
5,512,1.00000000325963
5,512,0
5,512,1.00000000325963
5,512,0
5,512,0.99999999278225
5,256,1.00000000325963
5,256,0
5,256,1.00000000325963
5,256,0
5,256,0
5,256,0
5,512,0.99999999278225
5,512,0
5,512,0
5,512,1.00000000325963
5,512,0
5,512,0
5,32,0
5,32,0
5,32,0
5,64,0.99999999278225
5,128,0.99999999278225
5,32,0
5,32,0
5,32,0
5,64,0.99999999278225
5,128,0
5,32,0
5,32,1.00000000325963
5,32,0
5,64,1.00000000325963
5,128,0
5,32,0
5,32,0
5,32,1.00000000325963
5,64,0
5,128,1.00000000325963
5,32,0
5,32,0.99999999278225
5,32,0
5,64,0.99999999278225
5,128,0
5,32,0
5,32,0
5,32,1.00000000325963
5,64,0
5,32,0
5,32,0
5,64,0
5,64,0
5,128,0
5,32,0
5,32,1.00000000325963
5,32,0
5,64,1.99999999604188
5,128,1.00000000325963
5,32,2.99999999930151
5,32,0
5,32,1.00000000325963
5,64,1.00000000325963
5,128,1.00000000325963
5,32,4.99999999534339
5,32,4.00000000256114
5,32,1.99999999604188
5,64,2.00000000651926
5,128,2.00000000651926
5,32,4.99999999534339
5,32,5.00000000582077
5,32,4.99999999534339
5,64,5.00000000582077
5,128,2.99999999930151
5,32,0
5,32,4.99999999534339
5,32,0
5,32,5.00000000582077
15,32,14.9999999965075
15,32,14.9999999965075
15,32,2.99999999930151
15,32,1.00000000325963
15,64,2.00000000651926
15,128,1.99999999604188
5,128,1.00000000325963
5,128,0
5,128,0
5,128,0.99999999278225
5,128,0
5,128,0
5,128,1.00000000325963
5,128,0
5,128,0
5,128,1.00000000325963
5,128,0
5,128,0
5,128,0
5,128,0.99999999278225
5,128,0
5,128,0
5,128,1.00000000325963
5,128,0
5,128,0
5,128,1.00000000325963
5,128,0
5,128,0
5,128,0.99999999278225
5,128,0
5,128,0
5,128,1.00000000325963
5,128,0
5,128,0
5,128,0
5,128,0
5,128,0
5,128,0
5,128,0
5,128,0
5,128,1.00000000325963
5,128,0.99999999278225
5,128,0
5,128,0
5,128,0
5,128,1.00000000325963
5,128,0
5,128,1.00000000325963
5,128,0
5,128,0
5,128,0
5,128,0.99999999278225
5,128,0
5,128,0
5,128,1.00000000325963
5,128,0
5,128,0
5,128,1.00000000325963
5,128,0
5,128,0
5,128,0.99999999278225
1440,512,0
5,128,0
5,128,0
5,128,0
5,128,0
5,128,1.00000000325963
5,128,0
5,128,0
5,128,0.99999999278225
5,128,0
5,128,0
5,128,0.99999999278225
5,128,0
5,128,0
5,128,1.00000000325963
5,128,0
5,128,5.00000000582077
5,128,4.99999999534339
5,128,4.99999999534339
5,128,5.00000000582077
5,128,5.99999999860302
360,256,360
3,32,0
3,32,1.00000000325963
3,32,0
3,32,0
5,512,0
5,512,0
5,512,0.99999999278225
5,512,0
5,512,1.00000000325963
5,512,0
5,512,0
5,512,1.00000000325963
5,512,0
5,512,0
5,512,0
5,512,0
3,32,0
3,32,0
3,32,0
3,32,0
3,32,1.00000000325963
3,32,0
3,32,0
3,32,0
3,32,0
3,32,0
3,32,0
3,32,0.99999999278225
3,512,0.99999999278225
3,512,0
3,512,0
3,512,1.00000000325963
3,512,0
3,512,0
3,512,1.00000000325963
3,512,0
3,512,0
3,512,0
3,512,0
3,512,0
3,512,0
3,512,0
3,512,0
3,512,0
3,512,0
3,512,0
3,512,0
3,512,0
3,512,0
3,512,0
3,512,0
3,512,0
3,512,0
3,512,0
3,512,0
3,512,0
3,512,1.00000000325963
3,512,0
3,512,0
3,512,0
3,512,0
5,512,0
5,512,0
3,512,0.99999999278225
3,512,0
3,512,0
3,512,0
3,512,0
3,512,0
3,512,0
3,512,0
3,512,0
3,512,0
3,512,0
5,512,0
5,512,0
10,256,0
5,512,0
10,256,1.00000000325963
5,512,0
10,256,0
5,512,0
10,256,0
5,512,4.99999999534339
10,256,10.0000000011642
5,512,4.99999999534339
10,256,10.0000000011642
5,512,4.99999999534339
10,256,10.0000000011642
5,512,5.00000000582077
10,256,10.0000000011642
5,512,4.99999999534339
10,256,10.0000000011642
10,256,10.0000000011642
5,512,4.99999999534339
10,256,10.0000000011642
5,512,4.99999999534339
10,256,9.99999999068677
5,512,5.00000000582077
10,256,10.0000000011642
5,512,5.00000000582077
10,256,10.0000000011642
5,512,5.00000000582077
10,256,10.0000000011642
5,512,5.00000000582077
10,256,10.0000000011642
5,512,5.00000000582077
10,256,10.0000000011642
5,512,5.00000000582077
10,256,10.0000000011642
5,512,2.00000000651926
10,256,10.0000000011642
10,256,9.99999999068677
10,256,10.0000000011642
1440,512,1440
10,256,10.0000000011642
10,256,10.0000000011642
1440,1024,2.00000000651926
10,256,10.0000000011642
10,256,9.99999999068677
15,32,15.0000000069849
10,256,10.0000000011642
10,256,10.0000000011642
10,256,10.0000000011642
10,256,10.0000000011642
10,256,10.0000000011642
10,256,8.99999999790452
5,32,4.99999999534339
15,32,15.0000000069849
15,32,0
15,32,0
360,256,360
360,256,360
1440,512,148.000000000466
720,256,9.0000000083819
720,256,122.999999992317
1440,512,1440
1140,512,1139.99999999651
720,256,720
360,256,360
360,256,360
15,32,0
15,32,0
15,32,0
15,32,1.00000000325963
15,32,0
15,32,0
15,32,0
15,32,0
15,32,0
15,32,1.00000000325963
15,32,0
15,32,0
15,32,0
15,32,0
15,32,0
15,32,0.99999999278225
15,32,1.00000000325963
360,256,204.000000004889
15,32,0
15,32,0
360,256,360
15,32,0
15,32,0
15,32,0
15,32,1.00000000325963
15,32,0
15,32,0
15,32,0
15,32,0
15,32,0
15,32,1.00000000325963
15,32,0
15,32,0
15,32,0
15,32,0
15,32,0
15,32,0.99999999278225
15,32,0
15,32,0
15,32,0
15,32,0
15,32,0
15,32,1.00000000325963
15,32,0
15,32,0
15,32,0
15,32,0
15,32,0
15,32,0
15,32,1.00000000325963
15,32,0
15,32,0
15,32,0
15,32,0
15,32,0
15,32,0.99999999278225
15,32,0
15,32,0
15,32,0
15,32,0
15,32,0
15,32,1.00000000325963
15,32,1.00000000325963
15,32,0
15,32,0
15,32,0
15,32,0
15,32,0
15,32,1.00000000325963
15,32,0
15,32,0
15,32,0
15,32,0
15,32,0
1440,1024,43.9999999967404
1440,512,1332.99999999697
15,32,0
15,32,1.00000000325963
15,32,1.00000000325963
15,32,0
15,32,0
15,32,0
15,32,0
15,32,0
15,32,0
15,32,0
15,32,0
15,32,0
15,32,0
15,32,0
15,32,0
15,32,0
15,32,0
15,32,0
15,32,0.99999999278225
15,32,0.99999999278225
15,32,0.99999999278225
15,32,0
15,32,0
15,32,0
15,32,0
15,32,0
15,32,0
15,32,0
15,32,0
15,32,1.00000000325963
15,32,0
15,32,0
15,32,0
15,32,0
15,32,0
15,32,0
15,32,0
15,32,0
15,32,0
15,32,1.00000000325963
15,32,1.00000000325963
15,32,0
15,32,0
15,32,0
15,32,0
15,32,0
15,32,0
15,32,0
15,32,0
15,32,1.00000000325963
15,32,0
15,32,0
15,32,0
15,32,0
15,32,0
15,32,0
15,32,0
15,32,0
15,32,0
15,32,0
15,32,0
15,32,0
15,32,0
15,32,0
15,32,1.00000000325963
15,32,0
15,32,0
15,32,0
15,32,0
15,32,0
15,32,0
15,32,0
15,32,0
15,32,0.99999999278225
15,32,0.99999999278225
15,32,0
15,32,0
15,32,0
15,32,0
15,32,1.00000000325963
15,32,0
15,32,0
15,32,0
15,32,0
15,32,0
15,32,0
15,32,1.00000000325963
15,32,1.00000000325963
15,32,0
15,32,0
15,32,0
15,32,0
15,32,1.00000000325963
15,32,1.00000000325963
15,32,0
15,32,0
15,32,0
15,32,0
15,32,1.00000000325963
15,32,1.00000000325963
15,32,0
15,32,0
15,32,0
15,32,0
15,32,0.99999999278225
15,32,0
15,32,0
15,32,0
15,32,0
15,32,0
15,32,1.00000000325963
15,32,0
15,32,0
15,32,0
15,32,1.00000000325963
15,32,1.00000000325963
15,32,0
15,32,0
15,32,0
15,32,0.99999999278225
15,32,0
15,32,0
15,32,0
15,32,0
15,32,0
15,32,1.00000000325963
10,32,1.00000000325963
10,32,0
10,32,0
10,32,0.99999999278225
10,32,0
15,32,0
10,32,0
15,32,0
10,32,0
10,32,0.99999999278225
10,32,0
10,32,0
10,32,1.00000000325963
10,32,1.00000000325963
10,32,0
10,32,0
10,32,0
10,32,0
10,32,0
10,32,0
10,32,0.99999999278225
10,32,0
10,32,0
10,32,0
10,32,0
10,32,0
10,32,1.00000000325963
10,32,1.00000000325963
10,32,0
10,32,0
10,32,0
10,32,1.00000000325963
10,32,1.00000000325963
10,32,0
10,32,0
10,32,0
10,32,0.99999999278225
10,32,0
10,32,0
10,32,0
10,32,0
10,32,0
10,32,1.00000000325963
10,32,0
10,32,0
10,32,0
10,32,1.00000000325963
10,32,0
10,32,0
10,32,0
10,32,0
10,32,0
10,32,0.99999999278225
10,32,0
10,32,0
10,32,0
10,32,0
10,32,1.00000000325963
10,32,0
10,32,0
10,32,0
10,32,0
10,32,0
10,32,1.00000000325963
10,32,0
10,32,0
10,32,0
10,32,0
10,32,0.99999999278225
10,32,0
10,32,0
10,32,0
10,32,0
10,32,0
10,32,1.00000000325963
10,32,0
10,32,0
10,32,0
10,32,0
10,32,0
10,32,1.00000000325963
10,32,0
10,32,0
10,32,0
10,32,0
10,32,0
10,32,0.99999999278225
10,32,0
10,32,0
10,32,0
10,32,0
10,32,1.00000000325963
10,32,0
10,32,0
10,32,0
10,32,0
10,32,0
10,32,1.00000000325963
10,32,0
10,32,0
10,32,0
10,32,0
10,32,0
10,32,0
10,32,0
10,32,0
10,32,0
10,32,0
10,32,0
360,256,360
15,32,1.00000000325963
15,32,0
15,32,0
15,32,0
15,32,0
15,32,0.99999999278225
15,32,0.99999999278225
15,32,0
15,32,0
15,32,0
15,32,0
15,32,0
15,32,1.00000000325963
15,32,1.00000000325963
15,32,0
15,32,0
15,32,0
15,32,0
15,32,0
15,32,0
15,32,0
15,32,0
15,32,0
15,32,0
15,32,0.99999999278225
15,32,0
15,32,0
15,32,1.00000000325963
15,32,1.99999999604188
15,32,7.9999999946449
15,32,0
15,32,1.00000000325963
15,32,0
15,32,1.00000000325963
15,32,1.99999999604188
15,32,0
15,32,0
15,32,0
15,32,0
15,32,0.99999999278225
15,32,0
15,32,0
15,32,0
15,32,0
15,32,1.00000000325963
15,32,1.00000000325963
15,32,0
15,32,0
15,32,0
15,32,1.00000000325963
10,32,0
10,32,0
10,32,0
10,32,0
10,32,0
10,32,0
10,32,1.00000000325963
10,32,0
10,32,0
10,32,0
10,32,0
10,32,0
10,32,0.99999999278225
10,32,0
10,32,0
10,32,0
10,32,0
10,32,1.00000000325963
10,32,0
10,32,0
10,32,0
10,32,0
10,32,0
10,32,0
10,32,0
10,32,0.99999999278225
10,32,0
10,32,0
10,32,0
10,32,0
10,32,0
10,32,0
10,32,0
10,32,0
10,32,0
10,32,0
10,32,1.00000000325963
10,32,1.00000000325963
10,32,0
10,32,0
10,32,0
10,32,0
10,32,1.00000000325963
10,32,0
10,32,0
10,32,0
10,32,0
10,32,0
10,32,0.99999999278225
10,32,0
10,32,0
10,32,0
10,32,0
10,32,0
10,32,0
10,32,0
10,32,0
10,32,0
10,32,0
10,32,1.00000000325963
10,32,0
10,32,0
10,32,0
10,32,0
10,32,0
10,32,0.99999999278225
10,32,0
10,32,0
10,32,0
10,32,0
10,32,0
10,32,1.00000000325963
10,32,0
10,32,0
10,32,0
10,32,0
10,32,0
10,32,1.00000000325963
10,32,0
10,32,0
10,32,0
10,32,0
10,32,1.00000000325963
10,32,1.00000000325963
10,32,0
10,32,0
10,32,0
10,32,0
10,32,0.99999999278225
10,32,0.99999999278225
10,32,10.0000000011642
10,32,10.0000000011642
10,32,0
10,32,1.00000000325963
10,32,0
10,32,0
10,32,10.0000000011642
10,32,10.0000000011642
10,32,0
10,32,1.00000000325963
10,32,0
10,32,0
10,32,10.0000000011642
10,32,10.0000000011642
10,32,0
10,32,1.00000000325963
10,32,0
10,32,0
10,32,10.0000000011642
10,32,10.0000000011642
10,32,0
10,32,0
10,32,0
10,32,0
10,32,0
10,32,0
10,32,0
10,32,0
10,32,0
10,32,0
10,32,0
10,32,0
10,32,0
10,32,1.00000000325963
10,32,0
10,32,0
10,32,1.00000000325963
10,32,0
10,32,0
10,32,0.99999999278225
10,32,0
10,32,0
10,32,0
10,32,0
10,32,0
10,32,0
10,32,0
10,32,0
10,32,0.99999999278225
10,32,0.99999999278225
10,32,0
10,32,0
10,32,0
10,32,0
10,32,0
10,32,0
10,32,0
10,32,1.00000000325963
10,32,1.00000000325963
10,32,0
10,32,0
10,32,0
10,32,0
10,32,0
10,32,0
10,32,0
10,32,0
10,32,1.00000000325963
10,32,0
10,32,0
10,32,0
10,32,0
10,32,0
10,32,0
10,32,0
10,32,0
10,32,0
10,32,0.99999999278225
10,32,0.99999999278225
10,32,0
10,32,0
10,32,0
10,32,0
10,32,0
10,32,0
10,32,0
10,32,1.00000000325963
10,32,1.00000000325963
10,32,0
10,32,0
10,32,0
10,32,0
10,32,0
10,32,0
10,32,0
10,32,1.00000000325963
10,32,1.00000000325963
10,32,1.00000000325963
10,32,0
10,32,0
10,32,0
10,32,0
10,32,0
10,32,0
10,32,0
10,32,0.99999999278225
10,32,0
10,32,0.99999999278225
10,32,0.99999999278225
10,32,0
10,32,0
10,32,0
10,32,0
10,32,0
10,32,0
10,32,0
10,32,0
10,32,0
10,32,0
10,32,0
10,32,0
10,32,0
10,32,0
10,32,0
10,32,0
10,32,0
10,32,0
10,32,0
10,32,0
10,32,0
10,32,0
10,32,0
10,32,0
10,32,0
10,32,0
10,32,0
10,32,0
10,32,0
10,32,0
10,32,0
10,32,0
10,32,0
10,32,0
10,32,1.00000000325963
10,32,1.00000000325963
10,32,1.00000000325963
10,32,0
10,32,0
10,32,0
10,32,0
10,32,0
10,32,1.00000000325963
10,32,1.00000000325963
10,32,0
10,32,0
10,32,0
10,32,0
10,32,0
10,32,0
10,32,0
10,32,0
10,32,1.00000000325963
10,32,1.00000000325963
10,32,1.00000000325963
10,32,0
10,32,0
10,32,0
10,32,0
10,32,0
10,32,0
10,32,0.99999999278225
10,32,0.99999999278225
10,32,0
10,32,0
10,32,0
10,32,0
10,32,1.00000000325963
10,32,0
10,32,0
10,32,0
10,32,0
10,32,1.00000000325963
10,32,0
10,32,0
10,32,0
10,32,0
10,32,0
10,32,0.99999999278225
10,32,0
10,32,0
10,32,0
10,32,1.00000000325963
10,32,1.00000000325963
10,32,0
10,32,1.00000000325963
10,32,1.00000000325963
10,32,1.00000000325963
10,32,0
10,32,0
10,32,0
10,32,0.99999999278225
10,32,0.99999999278225
10,32,0
10,32,0
10,32,0
10,32,0
10,32,0
10,32,1.00000000325963
10,32,1.00000000325963
10,32,0
10,32,0
10,32,0
10,32,0
10,32,0
10,32,1.00000000325963
10,32,1.00000000325963
10,32,0
10,32,0
10,32,0
10,32,0
10,32,0.99999999278225
10,32,0.99999999278225
10,32,0
10,32,0
10,32,0
10,32,0
10,32,1.00000000325963
10,32,1.00000000325963
10,32,0
10,32,0
10,32,0
3,32,0
3,32,0
3,32,0.99999999278225
3,32,0
3,32,0
3,32,0
10,32,0
10,32,0
10,32,0
10,32,0
10,32,0.99999999278225
10,32,0
10,32,0
10,32,0
10,32,0
10,32,0
10,32,1.00000000325963
10,32,0
10,32,0
10,32,0
10,32,0
10,32,1.00000000325963
10,32,0
10,32,0
10,32,0
10,32,0
10,32,0
10,32,1.00000000325963
10,32,0
10,32,0
10,32,0
10,32,0
10,32,0.99999999278225
10,32,0
10,32,0
10,32,0
10,32,0
10,32,0
10,32,1.00000000325963
10,32,0
10,32,0
10,32,0
10,32,0
10,32,0
10,32,1.00000000325963
10,32,0
10,32,0
10,32,0
10,32,0
10,32,0
10,32,0.99999999278225
10,32,0
10,32,0
10,32,0
10,32,0
10,32,0
10,32,1.00000000325963
10,32,0
10,32,0
10,32,0
10,32,0
10,32,1.00000000325963
10,32,0
10,32,0
10,32,0
10,32,0
10,32,0
10,32,0.99999999278225
10,32,0
10,32,0
10,32,0
10,32,0
10,32,0
10,32,1.00000000325963
10,32,0
10,32,0
10,32,0
10,32,0
10,32,1.00000000325963
10,32,0
10,32,0
10,32,0
10,32,0
10,32,0
10,32,0.99999999278225
10,32,0
10,32,0
10,32,0
10,32,0
10,32,1.00000000325963
10,32,0
10,32,0
10,32,0
10,32,0
10,32,0
10,32,1.00000000325963
10,32,0
10,32,0
10,32,0
10,32,0
10,32,0
10,32,1.00000000325963
10,32,0
10,32,0
10,32,0
10,32,0
10,32,0.99999999278225
10,32,0.99999999278225
10,32,0
10,32,0
10,32,0
10,32,0
10,32,1.00000000325963
10,32,0
10,32,0
10,32,0
10,32,0
10,32,0
10,32,1.00000000325963
10,32,0
10,32,0
10,32,0
10,32,0
10,32,0
10,32,0.99999999278225
10,32,0
5,512,1.00000000325963
10,32,0
10,32,0
10,32,0
10,32,1.00000000325963
10,32,1.00000000325963
10,32,0
10,32,0
10,32,0
10,32,0
10,32,1.00000000325963
10,32,0
10,32,0
10,32,0
10,32,0
10,32,0
10,32,0.99999999278225
10,32,0
10,32,0
10,32,0
10,32,0
10,32,1.00000000325963
10,32,0
10,32,0
10,32,0
10,32,0
10,32,0
10,32,1.00000000325963
10,32,0
10,32,0
10,32,0
10,32,0
10,32,0
10,32,0
10,32,0
10,32,0
10,32,0
10,32,0
10,32,1.00000000325963
10,32,0
10,32,0
10,32,0
10,32,0
10,32,0
10,32,1.00000000325963
10,32,0
10,32,0
10,32,0
10,32,0
10,32,0
10,32,0.99999999278225
10,32,0
10,32,0
10,32,0
10,32,0
10,32,0
10,32,1.00000000325963
10,32,0
10,32,0
10,32,0
10,32,0
10,32,1.00000000325963
10,32,1.00000000325963
10,32,0
10,32,0
10,32,0
10,32,0
10,32,1.00000000325963
10,32,0
10,32,0
10,32,0
10,32,0
10,32,0
10,32,0.99999999278225
10,32,0
10,32,0
10,32,0
10,32,0
10,32,0
10,32,1.00000000325963
10,32,0
10,32,0
10,32,0
10,32,1.00000000325963
10,32,0
10,32,0
10,32,0
10,32,0
10,32,0
10,32,0.99999999278225
10,32,0
10,32,0
10,32,0
10,32,0
10,32,0
10,32,1.00000000325963
10,32,0
10,32,0
10,32,0
10,32,0
10,32,0
10,32,1.00000000325963
10,32,0
10,32,0
10,32,0
10,32,0
10,32,0
10,32,0
10,32,0.99999999278225
10,32,0
10,32,0
10,32,0
10,32,1.00000000325963
10,32,0
10,32,0
10,32,0
10,32,0
10,32,0
10,32,1.00000000325963
10,32,0
10,32,0
10,32,0.99999999278225
10,32,0.99999999278225
10,32,0.99999999278225
10,32,0
10,32,0
10,32,1.00000000325963
10,32,1.00000000325963
10,32,0
10,32,0
10,32,0
10,32,1.00000000325963
10,32,1.00000000325963
10,32,1.00000000325963
10,32,0
10,32,0
10,32,0
10,32,0
10,32,0
10,32,0.99999999278225
5,512,0.99999999278225
10,32,0
10,32,0.99999999278225
10,32,0
10,32,0
10,32,0
10,32,0
10,32,1.00000000325963
10,32,0
10,32,0
10,32,0
5,512,1.00000000325963
10,32,0
10,32,1.00000000325963
10,32,1.00000000325963
10,32,0
10,32,0
10,32,0
10,32,0
10,32,1.00000000325963
10,32,0
10,32,0
10,32,0
5,512,1.99999999604188
5,512,1.00000000325963
5,512,1.00000000325963
5,512,0
5,512,1.00000000325963
5,512,1.00000000325963
5,512,4.99999999534339
5,512,5.00000000582077
5,512,5.00000000582077
5,512,4.99999999534339
5,512,4.99999999534339
5,512,1.99999999604188
360,256,360
3,32,0
3,32,0
3,32,1.00000000325963
3,32,0
3,32,0
3,32,0
3,32,1.00000000325963
3,32,0
15,32,8.99999999790452
5,512,2.00000000651926
5,512,1.99999999604188
5,512,1.99999999604188
5,512,2.99999999930151
5,128,0
5,512,1.99999999604188
5,512,2.99999999930151
2,256,0.99999999278225
2,512,0
5,128,1.99999999604188
2,256,1.00000000325963
2,512,0
120,32,0.99999999278225
120,32,0
5,128,0
1,256,0
1,512,0
2,128,1.00000000325963
2,256,0
2,512,0
2,512,0
5,512,0
120,32,0
5,512,1.00000000325963
120,32,0
120,32,0
120,32,0
120,32,7.00000000186265
120,32,0
120,32,1.00000000325963
120,32,2.00000000651926
5,512,1.00000000325963
5,512,2.99999999930151
5,512,5.00000000582077
2,1024,1.00000000325963
120,32,0
5,512,4.99999999534339
2,1024,1.99999999604188
5,512,4.99999999534339
5,512,5.00000000582077
2,1024,2.00000000651926
5,512,1.99999999604188
5,512,1.00000000325963
1,1024,1.00000000325963
5,512,2.00000000651926
5,512,0
1440,1024,1.99999999604188
1440,1024,1380.00000000349
1440,512,1040.00000000582
720,256,1.00000000325963
720,256,1.00000000325963
720,256,1.00000000325963
720,256,0
720,256,0
720,256,0
720,256,23.0000000016298
3,32,0
3,32,0
3,32,0
3,32,1.00000000325963
3,32,0
3,32,0
3,32,0
3,32,0
3,32,0
3,32,0
3,32,1.00000000325963
360,256,360
3,32,0
3,32,1.00000000325963
3,32,0
3,32,0
3,32,0
3,32,0
3,32,1.00000000325963
3,32,0
3,32,1.00000000325963
3,32,0
3,32,0
3,32,1.00000000325963
3,32,0
3,32,0
3,32,1.00000000325963
3,32,0
3,32,0
3,32,0
3,32,0
5,512,0
3,32,0.99999999278225
3,32,1.00000000325963
3,32,0.99999999278225
5,512,1.00000000325963
5,512,2.99999999930151
3,32,0
3,32,0
120,32,0
120,32,4.00000000256114
120,32,4.99999999534339
120,32,4.00000000256114
120,32,4.99999999534339
120,32,15.0000000069849
120,32,11.0000000044238
120,32,4.99999999534339
120,32,0.99999999278225
5,512,3.99999999208376
720,256,37.0000000053551
120,32,15.9999999997672
360,256,116.000000000931
3,32,0.99999999278225
120,32,0
3,32,1.00000000325963
120,32,0
120,32,26.9999999937136
3,32,0
3,32,1.00000000325963
3,32,0
3,32,1.00000000325963
3,32,0
3,32,0
3,32,0
3,32,0
3,32,0
3,32,0
3,32,0
3,32,0
3,32,1.00000000325963
120,32,4.00000000256114
3,32,1.00000000325963
3,32,0
3,32,0
3,32,0
3,32,0
3,32,0
3,32,0
3,32,1.00000000325963
3,32,0
1,32,0
3,512,0
10,256,0.99999999278225
3,512,0
10,256,1.00000000325963
15,128,0
3,32,0
3,32,0
3,32,0
3,32,0
3,32,1.00000000325963
15,32,0
3,32,0
15,32,0
15,32,0
15,32,0
5,512,2.00000000651926
15,32,1.00000000325963
15,128,1.00000000325963
15,32,0
15,128,1.99999999604188
15,128,4.00000000256114
5,256,1.00000000325963
5,256,2.00000000651926
10,256,1.99999999604188
5,512,1.00000000325963
5,512,0.99999999278225
5,512,1.00000000325963
15,32,1.00000000325963
15,32,14.9999999965075
15,32,0
3,32,0
15,32,5.00000000582077
15,32,2.99999999930151
3,32,0
15,32,1.00000000325963
5,128,0
15,32,13.0000000004657
5,128,0.99999999278225
5,128,2.99999999930151
15,32,10.0000000011642
15,32,15.0000000069849
5,256,1.00000000325963
5,256,1.99999999604188
5,256,1.99999999604188
5,512,2.99999999930151
5,512,0
5,512,1.00000000325963
15,32,0
360,256,360
15,32,1.00000000325963
15,32,0
15,32,0
15,32,14.9999999965075
15,32,0
15,32,0
15,32,0
15,32,0
15,32,0
15,32,0
15,32,0
15,32,0
15,32,0
15,32,0
15,32,1.00000000325963
15,64,2.00000000651926
15,32,0
15,64,5.99999999860302
15,32,0
15,64,0
15,64,4.99999999534339
15,32,0
15,32,0
15,32,0.99999999278225
15,32,0
15,128,1.00000000325963
9,256,1.00000000325963
15,64,2.99999999930151
15,64,0.99999999278225
15,32,5.99999999860302
9,256,1.00000000325963
9,256,0
9,256,0.99999999278225
120,32,1.00000000325963
15,32,1.00000000325963
15,32,4.99999999534339
9,128,0.99999999278225
120,32,4.00000000256114
9,256,1.00000000325963
9,256,2.00000000651926
15,32,0.99999999278225
15,32,0
360,256,360
15,32,7.9999999946449
15,32,5.99999999860302
5,32,1.00000000325963
15,32,4.00000000256114
15,32,2.99999999930151
5,32,0.99999999278225
9,256,7.00000000186265
15,32,1.00000000325963
15,32,1.00000000325963
5,128,1.00000000325963
5,256,1.00000000325963
15,128,2.99999999930151
15,128,8.99999999790452
5,512,1.00000000325963
15,128,0.99999999278225
5,32,4.99999999534339
15,32,11.0000000044238
50,32,12.0000000076834
1440,1024,1440
15,128,2.99999999930151
10,256,1.99999999604188
5,512,1.00000000325963
15,128,1.99999999604188
15,32,0.99999999278225
15,32,0
15,32,0
15,32,14.9999999965075
720,256,720
15,32,1.00000000325963
15,32,13.0000000004657
15,32,0.99999999278225
120,32,12.0000000076834
15,32,1.00000000325963
120,32,85.0000000046566
15,32,0
15,32,0.99999999278225
15,32,0
5,32,1.00000000325963
15,32,1.00000000325963
15,128,1.00000000325963
15,128,1.00000000325963
10,256,1.00000000325963
10,256,1.00000000325963
15,32,0
5,128,0
5,256,0
5,512,0.99999999278225
15,32,0.99999999278225
120,32,4.99999999534339
15,32,0
30,32,11.0000000044238
120,32,40.9999999974389
15,128,1.00000000325963
10,256,0
5,512,0
15,128,0
15,128,0.99999999278225
15,32,2.99999999930151
15,32,0
15,32,0
10,256,0
10,256,1.00000000325963
15,32,1.99999999604188
15,32,0
15,32,0
15,32,2.00000000651926
15,32,0.99999999278225
15,32,0
15,32,1.00000000325963
15,32,0
15,32,0
15,32,0
15,32,0
15,32,0
15,32,0
15,32,0
15,32,0
15,32,1.00000000325963
15,32,0
15,32,0.99999999278225
15,32,0
15,32,1.00000000325963
15,32,0
15,32,1.00000000325963
15,32,0
30,32,17.999999995809
15,32,0
15,32,0
15,32,0
15,32,0
15,32,1.00000000325963
15,32,0
5,32,0.99999999278225
15,32,0.99999999278225
15,32,1.00000000325963
5,32,4.99999999534339
15,32,0
15,32,0
15,32,0.99999999278225
15,32,0
15,32,0
15,32,0
15,32,0
15,32,0.99999999278225
15,32,0
15,128,0
15,128,2.00000000651926
15,128,6.0000000090804
4,512,1.99999999604188
9,256,1.00000000325963
4,512,2.00000000651926
4,512,1.00000000325963
4,512,0
9,256,0.99999999278225
9,256,1.00000000325963
9,256,4.00000000256114
15,128,0.99999999278225
15,128,2.00000000651926
15,128,6.99999999138527
15,64,2.00000000651926
15,32,1.99999999604188
15,32,2.00000000651926
15,32,1.99999999604188
15,32,1.99999999604188
15,32,2.00000000651926
15,64,2.99999999930151
15,128,2.99999999930151
15,64,4.00000000256114
15,64,0
15,32,14.9999999965075
15,32,1.00000000325963
15,32,0
15,32,1.00000000325963
15,32,2.00000000651926
15,32,1.99999999604188
15,32,1.99999999604188
15,32,0
15,32,0
15,32,14.9999999965075
15,32,14.9999999965075
15,32,0
15,32,1.00000000325963
15,32,1.00000000325963
15,32,0
15,32,0
15,32,1.00000000325963
15,32,0
15,32,0
15,32,14.9999999965075
15,32,14.9999999965075
15,32,14.9999999965075
15,32,14.9999999965075
3,32,0
3,32,0
3,32,0
3,32,1.00000000325963
5,32,1.00000000325963
5,32,0
5,32,0.99999999278225
360,256,360
5,128,1.00000000325963
5,128,0
5,128,0
5,128,0.99999999278225
5,128,1.00000000325963
5,128,1.00000000325963
5,128,0
5,128,1.00000000325963
5,128,0
5,128,0
5,128,0
5,128,0
5,128,0
5,128,1.00000000325963
5,128,0
5,128,1.00000000325963
5,128,0
5,128,0
5,128,0
5,128,0
5,128,0
5,128,0
5,128,0
5,128,0
5,128,0
10,32,0
10,32,0
10,32,0
120,32,1.99999999604188
120,32,2.99999999930151
15,32,1.00000000325963
15,128,4.00000000256114
120,32,1.99999999604188
10,256,2.99999999930151
5,512,1.00000000325963
30,32,30.0000000034925
15,128,14.9999999965075
10,256,10.0000000011642
5,512,4.99999999534339
15,32,7.00000000186265
15,32,14.9999999965075
15,32,14.9999999965075
10,32,1.00000000325963
120,32,1.00000000325963
120,32,0
5,32,5.00000000582077
120,32,0
10,32,10.0000000011642
120,32,0
120,32,0
120,32,1.00000000325963
120,32,2.99999999930151
1,512,1.00000000325963
1,512,0
120,32,3.99999999208376
1,512,1.00000000325963
1,512,0
5,32,0
120,32,15.0000000069849
120,32,0
360,256,360
120,32,0
120,32,4.00000000256114
5,32,0
5,32,0
5,32,1.00000000325963
120,32,4.00000000256114
10,32,10.0000000011642
5,128,0
10,32,9.99999999068677
5,128,0
5,32,1.00000000325963
15,32,7.00000000186265
5,128,0.99999999278225
5,32,4.99999999534339
5,32,1.00000000325963
15,32,15.0000000069849
120,32,4.00000000256114
15,32,1.99999999604188
15,32,4.00000000256114
15,32,5.00000000582077
120,32,0
120,32,0.99999999278225
120,32,4.00000000256114
15,32,8.00000000512227
5,128,0
15,32,9.99999999068677
5,128,0
5,128,0
15,32,11.0000000044238
10,32,0
10,32,0
120,32,49.9999999953434
10,128,0
10,128,0
10,128,0.99999999278225
15,32,14.0000000037253
15,32,4.00000000256114
15,32,7.9999999946449
5,128,0
15,32,11.0000000044238
120,32,1.00000000325963
5,32,0
120,32,21.9999999983702
15,32,1.99999999604188
15,32,5.99999999860302
15,32,14.9999999965075
15,128,0
10,256,1.00000000325963
5,512,1.00000000325963
15,32,14.9999999965075
15,32,14.9999999965075
15,32,15.0000000069849
15,32,14.9999999965075
15,32,15.0000000069849
15,32,15.0000000069849
30,32,20.0000000023283
15,32,15.0000000069849
15,32,15.0000000069849
15,32,14.9999999965075
15,32,15.0000000069849
15,32,14.9999999965075
5,512,0
10,256,1.99999999604188
15,128,1.00000000325963
120,32,27.9999999969732
15,32,0
120,32,1.00000000325963
120,32,0
120,32,0
15,128,0
15,128,1.00000000325963
15,128,2.00000000651926
15,128,1.99999999604188
10,256,1.00000000325963
5,512,1.99999999604188
15,128,0
15,128,0.99999999278225
15,128,1.00000000325963
5,256,1.00000000325963
5,512,0.99999999278225
5,256,1.99999999604188
5,256,1.99999999604188
5,512,0
5,512,0
5,512,1.00000000325963
5,256,0
5,256,0
5,256,1.00000000325963
5,512,0
5,512,0.99999999278225
5,512,0
15,32,1.00000000325963
15,64,1.00000000325963
15,32,0
15,32,0
15,32,1.00000000325963
15,32,2.00000000651926
15,64,1.00000000325963
15,32,0
15,32,14.9999999965075
15,32,14.9999999965075
15,32,15.0000000069849
15,32,15.0000000069849
15,32,14.9999999965075
360,256,98.9999999979045
120,32,4.00000000256114
15,32,8.00000000512227
15,32,3.99999999208376
15,64,1.99999999604188
15,32,0
15,32,1.00000000325963
15,32,1.00000000325963
15,32,14.9999999965075
